ARTS2	512565	131567 (no rank), 2 (domain), 1783272 (kingdom), 201174 (phylum), 1760 (class), 85008 (order), 28056 (family), 1865 (genus), 1866 (species), 512565 (leaf)
HOYSD	446462	131567 (no rank), 2 (domain), 1783272 (kingdom), 201174 (phylum), 1760 (class), 85010 (order), 2070 (family), 40566 (genus), 40567 (species), 446462 (leaf)
STRSH	713604	131567 (no rank), 2 (domain), 1783272 (kingdom), 201174 (phylum), 1760 (class), 85010 (order), 2070 (family), 1813 (genus), 33910 (species), 713604 (leaf)
FRASN	749927	131567 (no rank), 2 (domain), 1783272 (kingdom), 201174 (phylum), 1760 (class), 85010 (order), 2070 (family), 1813 (genus), 33910 (species), 749927 (leaf)
CORDV	290399	131567 (no rank), 2 (domain), 1783272 (kingdom), 201174 (phylum), 1760 (class), 85006 (order), 1268 (family), 1663 (genus), 235627 (no rank), 290399 (leaf)
CATAD	471853	131567 (no rank), 2 (domain), 1783272 (kingdom), 201174 (phylum), 1760 (class), 85006 (order), 125316 (family), 84756 (genus), 84757 (species), 471853 (leaf)
BEUC1	1703	131567 (no rank), 2 (domain), 1783272 (kingdom), 201174 (phylum), 1760 (class), 85006 (order), 85019 (family), 1696 (genus), 1703 (leaf)
MICAI	479433	131567 (no rank), 2 (domain), 1783272 (kingdom), 201174 (phylum), 1760 (class), 414714 (order), 414877 (family), 414878 (genus), 304895 (species), 479433 (leaf)
MICS3	590998	131567 (no rank), 2 (domain), 1783272 (kingdom), 201174 (phylum), 1760 (class), 85006 (order), 85016 (family), 1707 (genus), 1708 (species), 590998 (leaf)
INTC7	593907	131567 (no rank), 2 (domain), 1783272 (kingdom), 201174 (phylum), 1760 (class), 85006 (order), 85016 (family), 1707 (genus), 11 (species), 593907 (leaf)
STRGA	443906	131567 (no rank), 2 (domain), 1783272 (kingdom), 201174 (phylum), 1760 (class), 85006 (order), 85023 (family), 1573 (genus), 28447 (species), 33013 (subspecies), 443906 (leaf)
MYCLB	548476	131567 (no rank), 2 (domain), 1783272 (kingdom), 201174 (phylum), 1760 (class), 85007 (order), 1653 (family), 1716 (genus), 169292 (species), 548476 (leaf)
MYCA1	698962	131567 (no rank), 2 (domain), 1783272 (kingdom), 201174 (phylum), 1760 (class), 85007 (order), 1653 (family), 1716 (genus), 1717 (species), 698962 (leaf)
STRLN	698968	131567 (no rank), 2 (domain), 1783272 (kingdom), 201174 (phylum), 1760 (class), 85007 (order), 1653 (family), 1716 (genus), 1717 (species), 698968 (leaf)
SACEN	698969	131567 (no rank), 2 (domain), 1783272 (kingdom), 201174 (phylum), 1760 (class), 85007 (order), 1653 (family), 1716 (genus), 1717 (species), 698969 (leaf)
NOCSI	698970	131567 (no rank), 2 (domain), 1783272 (kingdom), 201174 (phylum), 1760 (class), 85007 (order), 1653 (family), 1716 (genus), 1717 (species), 698970 (leaf)
MYCKA	698971	131567 (no rank), 2 (domain), 1783272 (kingdom), 201174 (phylum), 1760 (class), 85007 (order), 1653 (family), 1716 (genus), 1717 (species), 698971 (leaf)
CLAM3	765874	131567 (no rank), 2 (domain), 1783272 (kingdom), 201174 (phylum), 1760 (class), 85007 (order), 1653 (family), 1716 (genus), 1719 (species), 765874 (leaf)
STRSW	504474	131567 (no rank), 2 (domain), 1783272 (kingdom), 201174 (phylum), 1760 (class), 85007 (order), 1653 (family), 1716 (genus), 43771 (species), 504474 (leaf)
AMYMU	1185650	131567 (no rank), 2 (domain), 1783272 (kingdom), 201174 (phylum), 1760 (class), 85007 (order), 1762 (family), 670516 (genus), 36809 (species), 1185650 (leaf)
NAKMY	298653	131567 (no rank), 2 (domain), 1783272 (kingdom), 201174 (phylum), 1760 (class), 85013 (order), 74712 (family), 2994362 (genus), 2994368 (no rank), 298653 (leaf)
CORA7	443218	131567 (no rank), 2 (domain), 1783272 (kingdom), 201174 (phylum), 1760 (class), 85007 (order), 3040680 (family), 697025 (genus), 639313 (species), 443218 (leaf)
CORDK	710696	131567 (no rank), 2 (domain), 1783272 (kingdom), 201174 (phylum), 1760 (class), 85006 (order), 85021 (family), 53357 (genus), 53358 (species), 710696 (leaf)
CORPF	2064	131567 (no rank), 2 (domain), 1783272 (kingdom), 201174 (phylum), 1760 (class), 85011 (order), 2062 (family), 2063 (genus), 2064 (leaf)
CORU7	68170	131567 (no rank), 2 (domain), 1783272 (kingdom), 201174 (phylum), 1760 (class), 85010 (order), 2070 (family), 165301 (genus), 68170 (leaf)
MYCSH	644283	131567 (no rank), 2 (domain), 1783272 (kingdom), 201174 (phylum), 1760 (class), 85008 (order), 28056 (family), 1873 (genus), 47850 (species), 644283 (leaf)
MYCCP	219305	131567 (no rank), 2 (domain), 1783272 (kingdom), 201174 (phylum), 1760 (class), 85008 (order), 28056 (family), 1873 (genus), 2617518 (no rank), 219305 (leaf)
RHOE4	243243	131567 (no rank), 2 (domain), 1783272 (kingdom), 201174 (phylum), 1760 (class), 85007 (order), 1762 (family), 1763 (genus), 120793 (no rank), 1764 (species), 243243 (leaf)
MYCSD	233413	131567 (no rank), 2 (domain), 1783272 (kingdom), 201174 (phylum), 1760 (class), 85007 (order), 1762 (family), 1763 (genus), 77643 (no rank), 1773 (species), 1765 (biotype), 233413 (leaf)
KITGR	561275	131567 (no rank), 2 (domain), 1783272 (kingdom), 201174 (phylum), 1760 (class), 85007 (order), 1762 (family), 1763 (genus), 77643 (no rank), 1773 (species), 1765 (biotype), 33892 (no rank), 561275 (leaf)
MYCBO	1048245	131567 (no rank), 2 (domain), 1783272 (kingdom), 201174 (phylum), 1760 (class), 85007 (order), 1762 (family), 1763 (genus), 77643 (no rank), 78331 (species), 1048245 (leaf)
LENAE	1800	131567 (no rank), 2 (domain), 1783272 (kingdom), 201174 (phylum), 1760 (class), 85007 (order), 1762 (family), 1866885 (genus), 1800 (leaf)
ACTM4	1768	131567 (no rank), 2 (domain), 1783272 (kingdom), 201174 (phylum), 1760 (class), 85007 (order), 1762 (family), 1763 (genus), 1768 (species), 557599 (leaf)
CELGA	561304	131567 (no rank), 2 (domain), 1783272 (kingdom), 201174 (phylum), 1760 (class), 85007 (order), 1762 (family), 1763 (genus), 1769 (species), 561304 (leaf)
CORDL	246196	131567 (no rank), 2 (domain), 1783272 (kingdom), 201174 (phylum), 1760 (class), 85007 (order), 1762 (family), 1866885 (genus), 1772 (species), 246196 (leaf)
RHOH1	875328	131567 (no rank), 2 (domain), 1783272 (kingdom), 201174 (phylum), 1760 (class), 85007 (order), 1762 (family), 1073531 (genus), 875328 (leaf)
STRCO	29313	131567 (no rank), 2 (domain), 1783272 (kingdom), 201174 (phylum), 1760 (class), 85007 (order), 1762 (family), 1763 (genus), 29313 (leaf)
AMYMS	336982	131567 (no rank), 2 (domain), 1783272 (kingdom), 201174 (phylum), 1760 (class), 85007 (order), 1762 (family), 1763 (genus), 77643 (no rank), 1773 (species), 336982 (leaf)
MYCCU	479431	131567 (no rank), 2 (domain), 1783272 (kingdom), 201174 (phylum), 1760 (class), 1643684 (order), 85031 (family), 53460 (genus), 53461 (species), 479431 (leaf)
ACTMD	446468	131567 (no rank), 2 (domain), 1783272 (kingdom), 201174 (phylum), 1760 (class), 85012 (order), 83676 (family), 2013 (genus), 2014 (species), 568208 (subspecies), 446468 (leaf)
CELFA	2045	131567 (no rank), 2 (domain), 1783272 (kingdom), 201174 (phylum), 1760 (class), 85009 (order), 85015 (family), 2044 (genus), 2045 (leaf)
ECOD1	452863	131567 (no rank), 2 (domain), 1783272 (kingdom), 201174 (phylum), 1760 (class), 85006 (order), 1268 (family), 1742993 (genus), 85085 (species), 452863 (leaf)
CORDJ	234621	131567 (no rank), 2 (domain), 1783272 (kingdom), 201174 (phylum), 1760 (class), 85007 (order), 85025 (family), 1827 (genus), 2840174 (no rank), 1833 (species), 234621 (leaf)
BRELN	685727	131567 (no rank), 2 (domain), 1783272 (kingdom), 201174 (phylum), 1760 (class), 85007 (order), 85025 (family), 2979332 (genus), 43767 (species), 685727 (leaf)
PSECP	405948	131567 (no rank), 2 (domain), 1783272 (kingdom), 201174 (phylum), 1760 (class), 85010 (order), 2070 (family), 1835 (genus), 1836 (species), 405948 (leaf)
MYCTF	100226	131567 (no rank), 2 (domain), 1783272 (kingdom), 201174 (phylum), 1760 (class), 85011 (order), 2062 (family), 1883 (genus), 1477431 (no rank), 1902 (species), 100226 (leaf)
MYCBT	1907	131567 (no rank), 2 (domain), 1783272 (kingdom), 201174 (phylum), 1760 (class), 85011 (order), 2062 (family), 1883 (genus), 1907 (leaf)
MYCS2	1915	131567 (no rank), 2 (domain), 1783272 (kingdom), 201174 (phylum), 1760 (class), 85011 (order), 2062 (family), 1883 (genus), 1915 (leaf)
NOCDD	465543	131567 (no rank), 2 (domain), 1783272 (kingdom), 201174 (phylum), 1760 (class), 85011 (order), 2062 (family), 1883 (genus), 2593676 (no rank), 465543 (leaf)
CORD3	680198	131567 (no rank), 2 (domain), 1783272 (kingdom), 201174 (phylum), 1760 (class), 85011 (order), 2062 (family), 1883 (genus), 1930 (species), 680198 (leaf)
