NEIMB	122586	131567 (no rank), 2 (domain), 3379134 (kingdom), 1224 (phylum), 28216 (class), 206351 (order), 481 (family), 482 (genus), 487 (species), 491 (serogroup), 122586 (leaf)
PHOLL	243265	131567 (no rank), 2 (domain), 3379134 (kingdom), 1224 (phylum), 1236 (class), 91347 (order), 1903414 (family), 29487 (genus), 2218628 (species), 141679 (subspecies), 243265 (leaf)
ACICS	990288	131567 (no rank), 2 (domain), 3379134 (kingdom), 1224 (phylum), 1807140 (class), 225057 (order), 225058 (family), 119977 (genus), 33059 (species), 990288 (leaf)
SHIFL	623	131567 (no rank), 2 (domain), 3379134 (kingdom), 1224 (phylum), 1236 (class), 91347 (order), 543 (family), 620 (genus), 623 (leaf)
HERSS	757424	131567 (no rank), 2 (domain), 3379134 (kingdom), 1224 (phylum), 28216 (class), 80840 (order), 75682 (family), 963 (genus), 964 (species), 757424 (leaf)
KLEOK	1006551	131567 (no rank), 2 (domain), 3379134 (kingdom), 1224 (phylum), 1236 (class), 91347 (order), 543 (family), 2890311 (no rank), 570 (genus), 1134687 (species), 1006551 (leaf)
VIBVY	196600	131567 (no rank), 2 (domain), 3379134 (kingdom), 1224 (phylum), 1236 (class), 135623 (order), 641 (family), 662 (genus), 672 (species), 196600 (leaf)
SALHC	1304275	131567 (no rank), 2 (domain), 3379134 (kingdom), 1224 (phylum), 1236 (class), 742030 (order), 742031 (family), 180541 (genus), 563188 (species), 1304275 (leaf)
CELJU	498211	131567 (no rank), 2 (domain), 3379134 (kingdom), 1224 (phylum), 1236 (class), 1706369 (order), 1706371 (family), 10 (genus), 155077 (species), 498211 (leaf)
ECOBD	469008	131567 (no rank), 2 (domain), 3379134 (kingdom), 1224 (phylum), 1236 (class), 91347 (order), 543 (family), 561 (genus), 562 (species), 469008 (leaf)
GOTA9	1128398	131567 (no rank), 2 (domain), 1783272 (kingdom), 1239 (phylum), 1737404 (class), 1737405 (order), 2042895 (family), 1505664 (genus), 1556 (species), 1128398 (leaf)
CLOAE	863638	131567 (no rank), 2 (domain), 1783272 (kingdom), 1239 (phylum), 186801 (class), 186802 (order), 31979 (family), 1485 (genus), 1488 (species), 863638 (leaf)
DESCC	868595	131567 (no rank), 2 (domain), 1783272 (kingdom), 1239 (phylum), 186801 (class), 186802 (order), 2937910 (family), 1562 (genus), 1565 (species), 868595 (leaf)
STRDG	486410	131567 (no rank), 2 (domain), 1783272 (kingdom), 1239 (phylum), 91061 (class), 186826 (order), 1300 (family), 1301 (genus), 119603 (no rank), 1334 (species), 119602 (subspecies), 486410 (leaf)
U04FI	1879010	131567 (no rank), 2 (domain), 1783272 (kingdom), 1239 (phylum), 84086 (no rank), 1879010 (leaf)
PAEPS	886882	131567 (no rank), 2 (domain), 1783272 (kingdom), 1239 (phylum), 91061 (class), 1385 (order), 186822 (family), 44249 (genus), 1406 (species), 886882 (leaf)
ACEWD	931626	131567 (no rank), 2 (domain), 1783272 (kingdom), 1239 (phylum), 186801 (class), 186802 (order), 186806 (family), 33951 (genus), 33952 (species), 931626 (leaf)
BACAA	592021	131567 (no rank), 2 (domain), 1783272 (kingdom), 1239 (phylum), 91061 (class), 1385 (order), 186817 (family), 1386 (genus), 86661 (no rank), 1392 (species), 592021 (leaf)
DESRM	349161	131567 (no rank), 2 (domain), 1783272 (kingdom), 1239 (phylum), 186801 (class), 186802 (order), 186807 (family), 2916693 (genus), 59610 (species), 349161 (leaf)
ALKOO	350688	131567 (no rank), 2 (domain), 1783272 (kingdom), 1239 (phylum), 186801 (class), 3082720 (order), 3118656 (family), 114627 (genus), 461876 (species), 350688 (leaf)
EEGSY	502558	131567 (no rank), 2 (domain), 1783272 (kingdom), 201174 (phylum), 84998 (class), 1643822 (order), 1643826 (family), 84111 (genus), 2648737 (no rank), 502558 (leaf)
MYCTC	443149	131567 (no rank), 2 (domain), 1783272 (kingdom), 201174 (phylum), 1760 (class), 85007 (order), 1762 (family), 1763 (genus), 77643 (no rank), 1773 (species), 443149 (leaf)
ECOD1	1185650	131567 (no rank), 2 (domain), 1783272 (kingdom), 201174 (phylum), 1760 (class), 85007 (order), 1762 (family), 670516 (genus), 36809 (species), 1185650 (leaf)
STRT9	1114943	131567 (no rank), 2 (domain), 1783272 (kingdom), 201174 (phylum), 1760 (class), 85011 (order), 2062 (family), 1883 (genus), 83656 (species), 1114943 (leaf)
TSUPD	521096	131567 (no rank), 2 (domain), 1783272 (kingdom), 201174 (phylum), 1760 (class), 85007 (order), 85028 (family), 2060 (genus), 2061 (species), 521096 (leaf)
STRTO	55952	131567 (no rank), 2 (domain), 1783272 (kingdom), 201174 (phylum), 1760 (class), 85011 (order), 2062 (family), 1883 (genus), 55952 (leaf)
BIFLS	391904	131567 (no rank), 2 (domain), 1783272 (kingdom), 201174 (phylum), 1760 (class), 85004 (order), 31953 (family), 1678 (genus), 216816 (species), 1682 (subspecies), 391904 (leaf)
RHOJR	101510	131567 (no rank), 2 (domain), 1783272 (kingdom), 201174 (phylum), 1760 (class), 85007 (order), 85025 (family), 1827 (genus), 132919 (species), 101510 (leaf)
GLUAR	861360	131567 (no rank), 2 (domain), 1783272 (kingdom), 201174 (phylum), 1760 (class), 85006 (order), 1268 (family), 1742989 (genus), 256701 (species), 861360 (leaf)
SACES	1179773	131567 (no rank), 2 (domain), 1783272 (kingdom), 201174 (phylum), 1760 (class), 85010 (order), 2070 (family), 2071 (genus), 103731 (species), 1179773 (leaf)
MURRD	886377	131567 (no rank), 2 (domain), 3379134 (kingdom), 1783270 (clade), 68336 (clade), 976 (phylum), 117743 (class), 200644 (order), 49546 (family), 444459 (genus), 111501 (species), 886377 (leaf)
PHOSB	667015	131567 (no rank), 2 (domain), 3379134 (kingdom), 1783270 (clade), 68336 (clade), 976 (phylum), 200643 (class), 171549 (order), 815 (family), 909656 (genus), 376805 (species), 667015 (leaf)
CYCMS	880070	131567 (no rank), 2 (domain), 3379134 (kingdom), 1783270 (clade), 68336 (clade), 976 (phylum), 768503 (class), 768507 (order), 563798 (family), 68288 (genus), 104 (species), 880070 (leaf)
NIAKG	700598	131567 (no rank), 2 (domain), 3379134 (kingdom), 1783270 (clade), 68336 (clade), 976 (phylum), 1853228 (class), 1853229 (order), 563835 (family), 354354 (genus), 354356 (species), 700598 (leaf)
DYAFD	471854	131567 (no rank), 2 (domain), 3379134 (kingdom), 1783270 (clade), 68336 (clade), 976 (phylum), 768503 (class), 768507 (order), 2896860 (family), 120831 (genus), 94254 (species), 471854 (leaf)
ORNRL	867902	131567 (no rank), 2 (domain), 3379134 (kingdom), 1783270 (clade), 68336 (clade), 976 (phylum), 117743 (class), 200644 (order), 2762318 (family), 28250 (genus), 28251 (species), 867902 (leaf)
CHIPD	485918	131567 (no rank), 2 (domain), 3379134 (kingdom), 1783270 (clade), 68336 (clade), 976 (phylum), 1853228 (class), 1853229 (order), 563835 (family), 79328 (genus), 79329 (species), 485918 (leaf)
ROSEK	279360	131567 (no rank), 2 (domain), 3379134 (kingdom), 1783270 (clade), 68336 (clade), 976 (phylum), 768503 (class), 768507 (order), 2762306 (family), 290180 (genus), 279360 (leaf)
LACS5	983544	131567 (no rank), 2 (domain), 3379134 (kingdom), 1783270 (clade), 68336 (clade), 976 (phylum), 117743 (class), 200644 (order), 49546 (family), 291183 (genus), 2647285 (no rank), 983544 (leaf)
BACFR	295405	131567 (no rank), 2 (domain), 3379134 (kingdom), 1783270 (clade), 68336 (clade), 976 (phylum), 200643 (class), 171549 (order), 815 (family), 816 (genus), 817 (species), 295405 (leaf)
WOLSU	273121	131567 (no rank), 2 (domain), 3379134 (kingdom), 29547 (phylum), 3031852 (class), 213849 (order), 72293 (family), 843 (genus), 844 (species), 273121 (leaf)
CAMC1	360104	131567 (no rank), 2 (domain), 3379134 (kingdom), 29547 (phylum), 3031852 (class), 213849 (order), 72294 (family), 194 (genus), 199 (species), 360104 (leaf)
HELCP	1172562	131567 (no rank), 2 (domain), 3379134 (kingdom), 29547 (phylum), 3031852 (class), 213849 (order), 72293 (family), 209 (genus), 213 (species), 1172562 (leaf)
SULKY	709032	131567 (no rank), 2 (domain), 3379134 (kingdom), 29547 (phylum), 3031852 (class), 213849 (order), 2771471 (family), 286130 (genus), 148813 (species), 709032 (leaf)
SULBS	760154	131567 (no rank), 2 (domain), 3379134 (kingdom), 29547 (phylum), 3031852 (class), 213849 (order), 2932623 (family), 57665 (genus), 44674 (species), 760154 (leaf)
SULAO	563040	131567 (no rank), 2 (domain), 3379134 (kingdom), 29547 (phylum), 3031852 (class), 213849 (order), 2771471 (family), 202746 (genus), 202747 (species), 563040 (leaf)
NITSE	749222	131567 (no rank), 2 (domain), 3379134 (kingdom), 29547 (phylum), 3031852 (class), 213849 (order), 2771472 (family), 269260 (genus), 269261 (species), 749222 (leaf)
ALIB4	367737	131567 (no rank), 2 (domain), 3379134 (kingdom), 29547 (phylum), 3031852 (class), 213849 (order), 2808963 (family), 2321111 (genus), 28197 (species), 367737 (leaf)
ARCNC	572480	131567 (no rank), 2 (domain), 3379134 (kingdom), 29547 (phylum), 3031852 (class), 213849 (order), 2808963 (family), 28196 (genus), 28199 (species), 572480 (leaf)
SULD5	525898	131567 (no rank), 2 (domain), 3379134 (kingdom), 29547 (phylum), 3031852 (class), 213849 (order), 2932623 (family), 57665 (genus), 65553 (species), 525898 (leaf)
