DANRE	7955	131567 (no rank), 2759 (domain), 33154 (clade), 33208 (kingdom), 6072 (clade), 33213 (clade), 33511 (clade), 7711 (phylum), 89593 (subphylum), 7742 (clade), 7776 (clade), 117570 (clade), 117571 (clade), 7898 (superclass), 186623 (class), 41665 (subclass), 32443 (infraclass), 1489341 (clade), 186625 (no rank), 186634 (cohort), 32519 (subcohort), 186626 (clade), 186627 (superorder), 7952 (order), 30727 (suborder), 2743709 (family), 2743711 (subfamily), 7954 (genus), 7955 (leaf)
CHICK	9031	131567 (no rank), 2759 (domain), 33154 (clade), 33208 (kingdom), 6072 (clade), 33213 (clade), 33511 (clade), 7711 (phylum), 89593 (subphylum), 7742 (clade), 7776 (clade), 117570 (clade), 117571 (clade), 8287 (superclass), 1338369 (clade), 32523 (clade), 32524 (clade), 8457 (clade), 32561 (clade), 1329799 (clade), 8492 (clade), 436486 (clade), 436489 (clade), 436491 (clade), 436492 (clade), 8782 (class), 8825 (infraclass), 1549675 (superorder), 8976 (order), 9005 (family), 9072 (subfamily), 9030 (genus), 9031 (leaf)
LEIMA	5664	131567 (no rank), 2759 (domain), 2611352 (clade), 33682 (phylum), 5653 (class), 2704647 (subclass), 2704949 (order), 5654 (family), 1286322 (subfamily), 5658 (genus), 38568 (subgenus), 38581 (no rank), 5664 (leaf)
CANAL	237561	131567 (no rank), 2759 (domain), 33154 (clade), 4751 (kingdom), 451864 (subkingdom), 4890 (phylum), 716545 (clade), 147537 (subphylum), 3239874 (class), 2916678 (order), 766764 (family), 1535325 (clade), 5475 (genus), 5476 (species), 237561 (leaf)
USTMA	5270	131567 (no rank), 2759 (domain), 33154 (clade), 4751 (kingdom), 451864 (subkingdom), 5204 (phylum), 452284 (subphylum), 5257 (class), 5267 (order), 5268 (family), 2689624 (genus), 5270 (leaf)
MOUSE	10090	131567 (no rank), 2759 (domain), 33154 (clade), 33208 (kingdom), 6072 (clade), 33213 (clade), 33511 (clade), 7711 (phylum), 89593 (subphylum), 7742 (clade), 7776 (clade), 117570 (clade), 117571 (clade), 8287 (superclass), 1338369 (clade), 32523 (clade), 32524 (clade), 40674 (class), 32525 (clade), 9347 (clade), 1437010 (clade), 314146 (superorder), 314147 (clade), 9989 (order), 1963758 (suborder), 337687 (clade), 10066 (family), 39107 (subfamily), 10088 (genus), 862507 (subgenus), 10090 (leaf)
PARTE	5888	131567 (no rank), 2759 (domain), 2698737 (clade), 33630 (clade), 5878 (phylum), 431838 (subphylum), 6020 (class), 33825 (order), 340080 (family), 5884 (genus), 5888 (leaf)
DROME	7227	131567 (no rank), 2759 (domain), 33154 (clade), 33208 (kingdom), 6072 (clade), 33213 (clade), 33317 (clade), 1206794 (clade), 88770 (clade), 6656 (phylum), 197563 (clade), 197562 (clade), 6960 (subphylum), 50557 (class), 85512 (clade), 7496 (subclass), 33340 (infraclass), 33392 (cohort), 7147 (order), 7203 (suborder), 43733 (infraorder), 480118 (clade), 480117 (clade), 43738 (no rank), 43741 (no rank), 43746 (superfamily), 7214 (family), 43845 (subfamily), 46877 (tribe), 7215 (genus), 32341 (subgenus), 32346 (no rank), 32351 (no rank), 7227 (leaf)
ORYLA	8090	131567 (no rank), 2759 (domain), 33154 (clade), 33208 (kingdom), 6072 (clade), 33213 (clade), 33511 (clade), 7711 (phylum), 89593 (subphylum), 7742 (clade), 7776 (clade), 117570 (clade), 117571 (clade), 7898 (superclass), 186623 (class), 41665 (subclass), 32443 (infraclass), 1489341 (clade), 186625 (no rank), 1489388 (cohort), 123365 (clade), 123366 (clade), 123367 (clade), 123368 (clade), 123369 (clade), 1489872 (clade), 1489908 (clade), 1489913 (superorder), 76071 (order), 28781 (suborder), 47757 (family), 8088 (subfamily), 8089 (genus), 8090 (leaf)
PHANO	321614	131567 (no rank), 2759 (domain), 33154 (clade), 4751 (kingdom), 451864 (subkingdom), 4890 (phylum), 716545 (clade), 147538 (subphylum), 716546 (clade), 715962 (clade), 147541 (class), 451868 (subclass), 92860 (order), 715340 (suborder), 5020 (family), 1351751 (genus), 13684 (species), 321614 (leaf)
YARLI	284591	131567 (no rank), 2759 (domain), 33154 (clade), 4751 (kingdom), 451864 (subkingdom), 4890 (phylum), 716545 (clade), 147537 (subphylum), 3239873 (class), 3243772 (order), 3316682 (no rank), 4951 (genus), 4952 (species), 284591 (leaf)
SCLS1	665079	131567 (no rank), 2759 (domain), 33154 (clade), 4751 (kingdom), 451864 (subkingdom), 4890 (phylum), 716545 (clade), 147538 (subphylum), 716546 (clade), 715989 (clade), 147548 (class), 5178 (order), 28983 (family), 5179 (genus), 5180 (species), 665079 (leaf)
MONBE	81824	131567 (no rank), 2759 (domain), 33154 (clade), 28009 (class), 1924738 (order), 81529 (family), 81525 (genus), 81824 (leaf)
THAPS	35128	131567 (no rank), 2759 (domain), 2698737 (clade), 33634 (clade), 2696291 (clade), 2836 (phylum), 33836 (class), 33846 (subclass), 33847 (order), 29202 (family), 35127 (genus), 35128 (leaf)
PLAF7	36329	131567 (no rank), 2759 (domain), 2698737 (clade), 33630 (clade), 5794 (phylum), 422676 (class), 5819 (order), 1639119 (family), 5820 (genus), 418107 (subgenus), 5833 (species), 36329 (leaf)
GORGO	9595	131567 (no rank), 2759 (domain), 33154 (clade), 33208 (kingdom), 6072 (clade), 33213 (clade), 33511 (clade), 7711 (phylum), 89593 (subphylum), 7742 (clade), 7776 (clade), 117570 (clade), 117571 (clade), 8287 (superclass), 1338369 (clade), 32523 (clade), 32524 (clade), 40674 (class), 32525 (clade), 9347 (clade), 1437010 (clade), 314146 (superorder), 9443 (order), 376913 (suborder), 314293 (infraorder), 9526 (parvorder), 314295 (superfamily), 9604 (family), 207598 (subfamily), 9592 (genus), 9593 (species), 9595 (leaf)
TRIVA	412133	131567 (no rank), 2759 (domain), 2611341 (clade), 5719 (phylum), 37104 (order), 181550 (family), 5721 (genus), 5722 (species), 412133 (leaf)
GIAIC	184922	131567 (no rank), 2759 (domain), 2611341 (clade), 207245 (phylum), 5738 (order), 5739 (family), 68459 (subfamily), 5740 (genus), 5741 (species), 184922 (leaf)
BRAFL	7739	131567 (no rank), 2759 (domain), 33154 (clade), 33208 (kingdom), 6072 (clade), 33213 (clade), 33511 (clade), 7711 (phylum), 7735 (subphylum), 2682552 (class), 2682553 (order), 7736 (family), 7737 (genus), 7739 (leaf)
IXOSC	6945	131567 (no rank), 2759 (domain), 33154 (clade), 33208 (kingdom), 6072 (clade), 33213 (clade), 33317 (clade), 1206794 (clade), 88770 (clade), 6656 (phylum), 6843 (subphylum), 6854 (class), 6933 (subclass), 6934 (superorder), 6935 (order), 297308 (superfamily), 6939 (family), 426442 (subfamily), 6944 (genus), 6945 (leaf)
NEMVE	45351	131567 (no rank), 2759 (domain), 33154 (clade), 33208 (kingdom), 6072 (clade), 6073 (phylum), 6101 (class), 6102 (subclass), 6103 (order), 45349 (family), 45350 (genus), 45351 (leaf)
NEUCR	367110	131567 (no rank), 2759 (domain), 33154 (clade), 4751 (kingdom), 451864 (subkingdom), 4890 (phylum), 716545 (clade), 147538 (subphylum), 716546 (clade), 715989 (clade), 147550 (class), 222544 (subclass), 5139 (order), 5148 (family), 5140 (genus), 5141 (species), 367110 (leaf)
CAEEL	6239	131567 (no rank), 2759 (domain), 33154 (clade), 33208 (kingdom), 6072 (clade), 33213 (clade), 33317 (clade), 1206794 (clade), 6231 (phylum), 119089 (class), 6236 (order), 2301116 (suborder), 2301119 (infraorder), 55879 (superfamily), 6243 (family), 55885 (subfamily), 6237 (genus), 6239 (leaf)
CRYNJ	214684	131567 (no rank), 2759 (domain), 33154 (clade), 4751 (kingdom), 451864 (subkingdom), 5204 (phylum), 5302 (subphylum), 155616 (class), 5234 (order), 1884633 (family), 5206 (genus), 1897064 (no rank), 5207 (species), 40410 (varietas), 214684 (leaf)
DICDI	44689	131567 (no rank), 2759 (domain), 554915 (clade), 2605435 (phylum), 142796 (class), 33083 (clade), 2058949 (order), 2058185 (family), 5782 (genus), 44689 (leaf)
PANTR	9598	131567 (no rank), 2759 (domain), 33154 (clade), 33208 (kingdom), 6072 (clade), 33213 (clade), 33511 (clade), 7711 (phylum), 89593 (subphylum), 7742 (clade), 7776 (clade), 117570 (clade), 117571 (clade), 8287 (superclass), 1338369 (clade), 32523 (clade), 32524 (clade), 40674 (class), 32525 (clade), 9347 (clade), 1437010 (clade), 314146 (superorder), 9443 (order), 376913 (suborder), 314293 (infraorder), 9526 (parvorder), 314295 (superfamily), 9604 (family), 207598 (subfamily), 9596 (genus), 9598 (leaf)
MONDO	13616	131567 (no rank), 2759 (domain), 33154 (clade), 33208 (kingdom), 6072 (clade), 33213 (clade), 33511 (clade), 7711 (phylum), 89593 (subphylum), 7742 (clade), 7776 (clade), 117570 (clade), 117571 (clade), 8287 (superclass), 1338369 (clade), 32523 (clade), 32524 (clade), 40674 (class), 32525 (clade), 9263 (clade), 38605 (order), 9265 (family), 126287 (subfamily), 13615 (genus), 13616 (leaf)
YEAST	559292	131567 (no rank), 2759 (domain), 33154 (clade), 4751 (kingdom), 451864 (subkingdom), 4890 (phylum), 716545 (clade), 147537 (subphylum), 4891 (class), 4892 (order), 4893 (family), 4930 (genus), 4932 (species), 559292 (leaf)
SCHPO	284812	131567 (no rank), 2759 (domain), 33154 (clade), 4751 (kingdom), 451864 (subkingdom), 4890 (phylum), 451866 (subphylum), 147554 (class), 34346 (order), 4894 (family), 4895 (genus), 4896 (species), 284812 (leaf)
RATNO	10116	131567 (no rank), 2759 (domain), 33154 (clade), 33208 (kingdom), 6072 (clade), 33213 (clade), 33511 (clade), 7711 (phylum), 89593 (subphylum), 7742 (clade), 7776 (clade), 117570 (clade), 117571 (clade), 8287 (superclass), 1338369 (clade), 32523 (clade), 32524 (clade), 40674 (class), 32525 (clade), 9347 (clade), 1437010 (clade), 314146 (superorder), 314147 (clade), 9989 (order), 1963758 (suborder), 337687 (clade), 10066 (family), 39107 (subfamily), 10114 (genus), 10116 (leaf)
ASPFU	330879	131567 (no rank), 2759 (domain), 33154 (clade), 4751 (kingdom), 451864 (subkingdom), 4890 (phylum), 716545 (clade), 147538 (subphylum), 716546 (clade), 147545 (class), 451871 (subclass), 5042 (order), 1131492 (family), 5052 (genus), 2720872 (subgenus), 746128 (species), 330879 (leaf)
PHYRM	164328	131567 (no rank), 2759 (domain), 2698737 (clade), 33634 (clade), 4762 (phylum), 4776 (order), 4777 (family), 4783 (genus), 164328 (leaf)
HUMAN	9606	131567 (no rank), 2759 (domain), 33154 (clade), 33208 (kingdom), 6072 (clade), 33213 (clade), 33511 (clade), 7711 (phylum), 89593 (subphylum), 7742 (clade), 7776 (clade), 117570 (clade), 117571 (clade), 8287 (superclass), 1338369 (clade), 32523 (clade), 32524 (clade), 40674 (class), 32525 (clade), 9347 (clade), 1437010 (clade), 314146 (superorder), 9443 (order), 376913 (suborder), 314293 (infraorder), 9526 (parvorder), 314295 (superfamily), 9604 (family), 207598 (subfamily), 9605 (genus), 9606 (leaf)
ARATH	3702	131567 (no rank), 2759 (domain), 33090 (kingdom), 35493 (phylum), 131221 (subphylum), 3193 (clade), 58023 (clade), 78536 (clade), 58024 (clade), 3398 (class), 1437183 (clade), 71240 (clade), 91827 (clade), 1437201 (clade), 71275 (clade), 91836 (clade), 3699 (order), 3700 (family), 980083 (tribe), 3701 (genus), 3702 (leaf)
MACMU	9544	131567 (no rank), 2759 (domain), 33154 (clade), 33208 (kingdom), 6072 (clade), 33213 (clade), 33511 (clade), 7711 (phylum), 89593 (subphylum), 7742 (clade), 7776 (clade), 117570 (clade), 117571 (clade), 8287 (superclass), 1338369 (clade), 32523 (clade), 32524 (clade), 40674 (class), 32525 (clade), 9347 (clade), 1437010 (clade), 314146 (superorder), 9443 (order), 376913 (suborder), 314293 (infraorder), 9526 (parvorder), 314294 (superfamily), 9527 (family), 9528 (subfamily), 9539 (genus), 9544 (leaf)
PHYPA	3218	131567 (no rank), 2759 (domain), 33090 (kingdom), 35493 (phylum), 131221 (subphylum), 3193 (clade), 3208 (clade), 404260 (clade), 3214 (class), 114656 (subclass), 3215 (order), 3216 (family), 37414 (genus), 3218 (leaf)
CHLRE	3055	131567 (no rank), 2759 (domain), 33090 (kingdom), 3041 (phylum), 2692248 (clade), 3166 (class), 2812636 (clade), 3042 (order), 3051 (family), 3052 (genus), 3055 (leaf)
ANOGA	7165	131567 (no rank), 2759 (domain), 33154 (clade), 33208 (kingdom), 6072 (clade), 33213 (clade), 33317 (clade), 1206794 (clade), 88770 (clade), 6656 (phylum), 197563 (clade), 197562 (clade), 6960 (subphylum), 50557 (class), 85512 (clade), 7496 (subclass), 33340 (infraclass), 33392 (cohort), 7147 (order), 7148 (suborder), 43786 (infraorder), 41827 (superfamily), 7157 (family), 43816 (subfamily), 7164 (genus), 44534 (subgenus), 44537 (clade), 44542 (no rank), 7165 (leaf)
BATDJ	684364	131567 (no rank), 2759 (domain), 33154 (clade), 4751 (kingdom), 112252 (no rank), 4761 (phylum), 2683659 (no rank), 451435 (class), 451442 (order), 1142503 (no rank), 100474 (genus), 109871 (species), 684364 (leaf)
TRICA	7070	131567 (no rank), 2759 (domain), 33154 (clade), 33208 (kingdom), 6072 (clade), 33213 (clade), 33317 (clade), 1206794 (clade), 88770 (clade), 6656 (phylum), 197563 (clade), 197562 (clade), 6960 (subphylum), 50557 (class), 85512 (clade), 7496 (subclass), 33340 (infraclass), 33392 (cohort), 7041 (order), 41084 (suborder), 41088 (infraorder), 71527 (superfamily), 7065 (family), 1304792 (no rank), 7069 (genus), 7070 (leaf)
MAIZE	4577	131567 (no rank), 2759 (domain), 33090 (kingdom), 35493 (phylum), 131221 (subphylum), 3193 (clade), 58023 (clade), 78536 (clade), 58024 (clade), 3398 (class), 1437183 (clade), 4447 (clade), 1437197 (subclass), 4734 (clade), 38820 (order), 4479 (family), 147370 (clade), 147369 (subfamily), 1648033 (no rank), 147429 (tribe), 1648029 (subtribe), 4575 (genus), 4577 (leaf)
XENTR	8364	131567 (no rank), 2759 (domain), 33154 (clade), 33208 (kingdom), 6072 (clade), 33213 (clade), 33511 (clade), 7711 (phylum), 89593 (subphylum), 7742 (clade), 7776 (clade), 117570 (clade), 117571 (clade), 8287 (superclass), 1338369 (clade), 32523 (clade), 8292 (class), 41666 (superorder), 8342 (order), 30319 (superfamily), 8352 (family), 8360 (subfamily), 8353 (genus), 8363 (subgenus), 8364 (leaf)
CIOIN	7719	131567 (no rank), 2759 (domain), 33154 (clade), 33208 (kingdom), 6072 (clade), 33213 (clade), 33511 (clade), 7711 (phylum), 7712 (subphylum), 7713 (class), 7716 (order), 7717 (family), 7718 (genus), 7719 (leaf)
PUCGT	418459	131567 (no rank), 2759 (domain), 33154 (clade), 4751 (kingdom), 451864 (subkingdom), 5204 (phylum), 29000 (subphylum), 162484 (class), 5258 (order), 5262 (family), 5296 (genus), 5297 (species), 56615 (no rank), 418459 (leaf)
BOVIN	9913	131567 (no rank), 2759 (domain), 33154 (clade), 33208 (kingdom), 6072 (clade), 33213 (clade), 33511 (clade), 7711 (phylum), 89593 (subphylum), 7742 (clade), 7776 (clade), 117570 (clade), 117571 (clade), 8287 (superclass), 1338369 (clade), 32523 (clade), 32524 (clade), 40674 (class), 32525 (clade), 9347 (clade), 1437010 (clade), 314145 (superorder), 91561 (order), 9845 (suborder), 35500 (infraorder), 9895 (family), 27592 (subfamily), 9903 (genus), 9913 (leaf)
HELRO	6412	131567 (no rank), 2759 (domain), 33154 (clade), 33208 (kingdom), 6072 (clade), 33213 (clade), 33317 (clade), 2697495 (clade), 1206795 (clade), 6340 (phylum), 42113 (class), 55824 (subclass), 6406 (order), 6407 (family), 6411 (genus), 6412 (leaf)
LEPOC	7918	131567 (no rank), 2759 (domain), 33154 (clade), 33208 (kingdom), 6072 (clade), 33213 (clade), 33511 (clade), 7711 (phylum), 89593 (subphylum), 7742 (clade), 7776 (clade), 117570 (clade), 117571 (clade), 7898 (superclass), 186623 (class), 41665 (subclass), 1489100 (infraclass), 7914 (order), 7915 (family), 7916 (genus), 7918 (leaf)
ORYSJ	39947	131567 (no rank), 2759 (domain), 33090 (kingdom), 35493 (phylum), 131221 (subphylum), 3193 (clade), 58023 (clade), 78536 (clade), 58024 (clade), 3398 (class), 1437183 (clade), 4447 (clade), 1437197 (subclass), 4734 (clade), 38820 (order), 4479 (family), 359160 (clade), 147367 (subfamily), 147380 (tribe), 1648021 (subtribe), 4527 (genus), 4530 (species), 39947 (leaf)
XENLA	8355	131567 (no rank), 2759 (domain), 33154 (clade), 33208 (kingdom), 6072 (clade), 33213 (clade), 33511 (clade), 7711 (phylum), 89593 (subphylum), 7742 (clade), 7776 (clade), 117570 (clade), 117571 (clade), 8287 (superclass), 1338369 (clade), 32523 (clade), 8292 (class), 41666 (superorder), 8342 (order), 30319 (superfamily), 8352 (family), 8360 (subfamily), 8353 (genus), 262014 (subgenus), 8355 (leaf)
CANLF	9615	131567 (no rank), 2759 (domain), 33154 (clade), 33208 (kingdom), 6072 (clade), 33213 (clade), 33511 (clade), 7711 (phylum), 89593 (subphylum), 7742 (clade), 7776 (clade), 117570 (clade), 117571 (clade), 8287 (superclass), 1338369 (clade), 32523 (clade), 32524 (clade), 40674 (class), 32525 (clade), 9347 (clade), 1437010 (clade), 314145 (superorder), 33554 (order), 379584 (suborder), 9608 (family), 9611 (genus), 9612 (species), 9615 (leaf)
