dataset,hog_id,fasta_file,num_taxa,num_pairs,mean_seq_len,min_seq_len,max_seq_len,mean_sss,median_sss,min_sss,max_sss,std_sss,mean_identity,median_identity,min_identity,max_identity,std_identity
amn,E0732656,E0732656.fa,10,45,73.1,67,92,0.5748755361296951,0.5454545454545454,0.20384615384615384,0.9603174603174603,0.18850310131665385,0.7207393038190196,0.703125,0.49230769230769234,0.9473684210526315,0.11670087924089705
amn,E0739117,E0739117.fa,10,45,262.3,243,268,0.7156273814024956,0.7145877378435518,0.4623096917935388,0.9910297811266595,0.16921267150894342,0.7556150312378886,0.7606177606177607,0.5714285714285714,0.9885931558935361,0.13280399910729407
amn,E0739363,E0739363.fa,10,45,384.3,318,428,0.8072030587284132,0.7173586793396698,0.6480320882426673,0.9976662777129521,0.12641352443480436,0.9082339194253942,0.8952380952380953,0.815625,0.9968652037617555,0.045414085705622304
amn,E0740208,E0740208.fa,10,45,235.9,232,245,0.7947162058875225,0.8360655737704918,0.46752722872125857,0.9922035289290111,0.1551836914793888,0.8075217806487333,0.8723404255319149,0.5172413793103449,0.9914893617021276,0.14291695197160567
amn,E0745662,E0745662.fa,10,45,157.9,157,158,0.9374708118719449,0.9748427672955975,0.8103339634530561,1.0,0.06385262902823176,0.9247986598224444,0.9620253164556962,0.7961783439490446,1.0,0.0672442945260278
amn,E0736903,E0736903.fa,10,45,418.9,365,448,0.6056356576901079,0.645252000865239,0.3291764705882353,0.9853702453297322,0.18065273065969772,0.6563374614840393,0.6770334928229665,0.41504854368932037,0.9833333333333333,0.1527127405317342
amn,E0746040,E0746040.fa,10,45,172.1,170,175,0.902529344910968,0.9272326350606395,0.7031164570803717,1.0,0.09596879086230692,0.9024867001063992,0.9127906976744186,0.7235294117647059,1.0,0.09125660208382645
amn,E0738993,E0738993.fa,10,45,571.4,517,590,0.6496647791059129,0.70335727409387,0.34679837713882516,0.990711028542476,0.20678427127872978,0.6699455340790624,0.71875,0.4166666666666667,0.988013698630137,0.1811586867644871
amn,E0740076,E0740076.fa,10,45,616.3,612,632,0.8574858595012226,0.9431184128952262,0.5584968811805873,1.0,0.15445784619263575,0.8933709131227797,0.9477124183006536,0.7070175438596491,1.0,0.09924242660007164
amn,E0745588,E0745588.fa,10,45,491.6,474,528,0.6903868422618146,0.7052872685627029,0.4862316107129385,0.9978273750740667,0.14642593050202,0.7623697343752119,0.7876857749469215,0.6137339055793991,0.997907949790795,0.11343180386220567
amn,E0745759,E0745759.fa,10,45,531.4,527,566,0.8615925280275702,0.9041477866852562,0.6904761904761905,0.9938714760987568,0.09568930389952376,0.8522494688006249,0.8842504743833017,0.7110266159695817,0.9943074003795066,0.0887728214313942
amn,E0746607,E0746607.fa,10,45,471.9,447,510,0.6909271112101726,0.7566795839282072,0.3680909447275578,0.9904062053480303,0.17866636339322933,0.703732196106717,0.7276595744680852,0.44642857142857145,0.9914893617021276,0.15513107402676848
amn,E0747049,E0747049.fa,10,45,264.1,235,288,0.6711362320392769,0.7111193202807536,0.4154746423927178,0.9875259875259875,0.15852599476124127,0.7748797636897949,0.8170212765957446,0.5967741935483871,0.9962546816479401,0.12910505656065063
amn,E0747039,E0747039.fa,10,45,375.6,368,401,0.7499746032555951,0.8252377280904651,0.4489042107855208,0.9969278033794163,0.17472046619565024,0.7645321643450406,0.8315217391304348,0.5013477088948787,0.9973118279569892,0.15558789737496265
amn,E0746839,E0746839.fa,10,45,394.4,384,420,0.7877517981714195,0.8116686114352392,0.6365526802218114,0.9969462062485318,0.10398494436119943,0.8120435354954305,0.8354755784061697,0.6317135549872123,0.9974358974358974,0.10660662101360777
amn,E0749052,E0749052.fa,10,45,328.9,212,384,0.8424751969082565,0.8627238198589257,0.6094244149272612,0.9886621315192744,0.09629776928061076,0.9511693376096902,0.9456869009584664,0.8849840255591054,1.0,0.031518430103045586
amn,E0739356,E0739356.fa,10,45,744.6,720,824,0.780466808698205,0.8658175736523864,0.44522144522144524,0.9950044831561419,0.17814853990123983,0.8331506822577962,0.8721088435374149,0.6197183098591549,0.9959183673469387,0.1191465402856872
amn,E0752398,E0752398.fa,10,45,341.2,302,346,0.7974666400757867,0.8438035408338093,0.4895181050912061,0.998121813791253,0.16096032937783153,0.7907019879935226,0.8265895953757225,0.4766081871345029,0.9971098265895953,0.16482544455068987
amn,E0748381,E0748381.fa,11,55,393.6363636363636,366,441,0.6184843813087108,0.588362587160375,0.352829162132753,1.0,0.17759618031449556,0.65454330968376,0.620253164556962,0.3839779005524862,1.0,0.1778020198643249
amn,E0754068,E0754068.fa,10,45,252.9,247,255,0.8967999760707184,0.9291934873154108,0.762380038387716,1.0,0.08237193689819322,0.9144415790684249,0.9448818897637795,0.8097165991902834,1.0,0.06430631184431067
amn,E0754546,E0754546.fa,10,45,254.6,234,319,0.778406108065572,0.7596039603960396,0.4386694386694387,1.0,0.1555671267377158,0.8713333372661962,0.8454935622317596,0.7012987012987013,1.0,0.08519908367905693
amn,E0752660,E0752660.fa,10,45,575.4,450,648,0.7542216383791344,0.7717129071170085,0.4424655142308364,1.0,0.14257028554036813,0.877779244145133,0.8971631205673759,0.6781411359724613,1.0,0.08451120059910056
amn,E0754499,E0754499.fa,10,45,522.9,514,571,0.7933677744610051,0.8875391128290079,0.4623376623376623,0.9928057553956835,0.1640625821199334,0.8333423452641741,0.8955512572533849,0.5925155925155925,0.9941972920696325,0.12006004648112857
amn,E0750288,E0750288.fa,10,45,671.4,637,712,0.608146135157523,0.6471432672983061,0.2951536016949153,0.984585201793722,0.20204303476302643,0.6945538367722365,0.7264,0.46919431279620855,0.9880059970014993,0.15219685639254832
amn,E0755637,E0755637.fa,10,45,523.6,517,552,0.8174299044163698,0.8223958333333333,0.6775531363400725,0.9888423988842399,0.08124232047401182,0.8210997674190572,0.8297872340425532,0.6957364341085271,0.9903660886319846,0.08257570154883136
amn,E0756270,E0756270.fa,10,45,134.1,134,135,0.8884662563492678,0.9020689655172414,0.7774725274725275,0.9910897875257025,0.060725187897500886,0.8774461028192371,0.8805970149253731,0.7835820895522388,0.9925373134328358,0.05561220843491975
amn,E0749003,E0749003.fa,11,55,888.8181818181819,730,963,0.812179194222323,0.8232077764277035,0.6391243695675501,0.9944912872400224,0.09566740547256003,0.9028046112985334,0.9300411522633745,0.7798053527980535,1.0,0.06869592478864273
amn,E0759640,E0759640.fa,10,45,500.6,471,581,0.6708449404417846,0.7213559322033898,0.30355731225296445,0.9916413373860182,0.20127943544097573,0.7475861512931327,0.8004246284501062,0.5175438596491229,0.9893842887473461,0.14598963385187727
amn,E0760031,E0760031.fa,11,55,103.9090909090909,102,105,0.9254299046416353,0.9271523178807947,0.8239700374531835,1.0,0.04736350641201128,0.9424049858269266,0.9423076923076923,0.8557692307692307,1.0,0.03420019533157538
amn,E0761363,E0761363.fa,10,45,178.1,177,179,0.9399188773014552,0.9574123989218328,0.847814355099838,1.0,0.04918090851965985,0.9489688525546021,0.9550561797752809,0.8813559322033898,1.0,0.03693425934783673
amn,E0755467,E0755467.fa,18,153,578.8333333333334,428,669,0.8786484289907533,0.8662441627751835,0.6665327440739253,1.0,0.08185595985907744,0.9401205066371275,0.906934306569343,0.883248730964467,1.0,0.04629456290761922
amn,E0752678,E0752678.fa,26,325,395.1923076923077,360,423,0.6193070507629154,0.5748368219671394,0.26037644787644787,1.0,0.22419730206179572,0.6664335783353338,0.6549865229110512,0.3944954128440367,1.0,0.1828004207834267
amn,E0761586,E0761586.fa,10,45,186.1,169,191,0.7791411679808675,0.7480954799390553,0.6770219603642207,0.9869608826479438,0.09364499517333377,0.7906986704979725,0.7608695652173914,0.6847826086956522,0.9842931937172775,0.08906836548421275
amn,E0761506,E0761506.fa,11,55,307.54545454545456,298,343,0.8868992927909906,0.8761731759006963,0.7562879444926279,1.0,0.06424421347193705,0.9254820720818162,0.9238410596026491,0.8422818791946308,1.0,0.04870189185509767
amn,E0778191,E0778191.fa,20,190,278.7,259,382,0.6117545331471805,0.5147113594040968,0.3072128227960819,1.0,0.19056537046173497,0.7261952471228528,0.6446280991735537,0.5454545454545454,1.0,0.15028535307830634
amn,E0756159,E0756159.fa,24,276,457.9166666666667,422,488,0.6424494026735267,0.5303744715661953,0.3956503554997909,1.0,0.17743833285558175,0.7365766011741636,0.6536209691947397,0.5605263157894737,1.0,0.13258622358361632
amn,E0779849,E0779849.fa,10,45,431.9,416,440,0.9060990012334993,0.9351748719091112,0.7806539509536785,0.9932945909700491,0.06556624538341567,0.9258124400962572,0.9287356321839081,0.8446601941747572,0.9954022988505747,0.03956748033692256
amn,E0779919,E0779919.fa,10,45,309.2,288,316,0.8898469293010497,0.9258530183727034,0.6641457545548298,1.0,0.10698491869273312,0.9292462524025167,0.9778481012658228,0.75,1.0,0.07356188561588757
amn,E0771775,E0771775.fa,22,231,410.8636363636364,336,481,0.6844748999549924,0.5700223713646533,0.41569982720315973,1.0,0.18363112260135306,0.7539545081083252,0.6355685131195336,0.567741935483871,1.0,0.15877479806491157
amn,E0756421,E0756421.fa,20,190,612.9,519,746,0.46185255226356026,0.3100469132727197,0.22712980985177422,0.9936147017598504,0.24974381833447476,0.5502340820819839,0.4342890875358408,0.36496350364963503,0.9933884297520661,0.20365888687141867
amn,E0780552,E0780552.fa,12,66,551.4166666666666,341,614,0.8435281895235777,0.9768123942003386,0.5780323982615567,1.0,0.17175510292840318,0.9698519410305783,0.9811783960720131,0.9195402298850575,1.0,0.029778199625627815
amn,E0780141,E0780141.fa,18,153,500.0,403,665,0.578236738022853,0.4486519860053509,0.2917638614749686,0.9942265578339637,0.20097419422287582,0.7144550129266417,0.6152073732718893,0.5335051546391752,0.9947089947089947,0.15474481195844947
amn,E0783327,E0783327.fa,10,45,419.6,403,473,0.7912365524313988,0.8039718129404229,0.6023265833692374,0.9877286408890947,0.1015068103526997,0.8427262593053086,0.8762376237623762,0.6758104738154613,0.9951338199513382,0.09519151117066081
amn,E0781454,E0781454.fa,11,55,809.6363636363636,741,850,0.7454766377546614,0.8306231454005935,0.3873319090109338,0.9990838295923041,0.18969092724353057,0.7984209184971865,0.8581730769230769,0.52,0.9987864077669902,0.14952285762825893
amn,E0784079,E0784079.fa,18,153,291.72222222222223,255,329,0.6582507936930467,0.5067967933077727,0.37199852234946434,1.0,0.22378898396257874,0.7182255113912973,0.575091575091575,0.5088967971530249,1.0,0.19817254810984422
amn,E0762353,E0762353.fa,30,435,461.76666666666665,292,500,0.5215973301306376,0.4339321357285429,0.19714070729872085,1.0,0.20980990783996384,0.6219384099618707,0.5445026178010471,0.4035714285714286,1.0,0.16369017163030078
amn,E0789041,E0789041.fa,11,55,415.09090909090907,193,462,0.8727844181372284,0.9547120983394436,0.4258044361137145,1.0,0.20132319497136625,0.968095871260911,0.9837962962962963,0.8645833333333334,1.0,0.03338350019708508
amn,E0789485,E0789485.fa,10,45,448.0,384,508,0.6679548726925723,0.6948818897637795,0.40345765345765344,0.9870889650998588,0.16084752357626114,0.7612593905327348,0.7676240208877284,0.5290178571428571,0.9973958333333334,0.13585697970702598
amn,E0789653,E0789653.fa,11,55,193.0909090909091,176,236,0.8188563997837887,0.8408759124087591,0.5391595033428844,0.986449864498645,0.11676260628311665,0.87892045427704,0.9301075268817204,0.6612021857923497,0.989247311827957,0.09913758965319004
amn,E0781053,E0781053.fa,28,378,411.9642857142857,386,470,0.7059913018362359,0.6393624380193339,0.44893666744566485,1.0,0.17382973598409643,0.7496704513527944,0.779291553133515,0.5108108108108108,1.0,0.15239845332901225
amn,E0789718,E0789718.fa,17,136,93.05882352941177,84,130,0.7506414501565764,0.7790948275862069,0.34509466437177283,1.0,0.1544694448710816,0.8595298313822454,0.8651685393258427,0.6075949367088608,1.0,0.09078140921906719
amn,E0789683,E0789683.fa,11,55,320.45454545454544,313,364,0.8193138681588947,0.9667271627344223,0.2130926724137931,1.0,0.28034988212671036,0.8655488370372175,0.9681528662420382,0.4125874125874126,1.0,0.2111628554543108
amn,E0789344,E0789344.fa,18,153,404.55555555555554,341,505,0.5451447991194007,0.4682634730538922,0.3069239500567537,1.0,0.18354343043807628,0.6531804825639866,0.6091954022988506,0.47277936962750716,1.0,0.14619610228258786
amn,E0792967,E0792967.fa,10,45,438.5,409,484,0.7352172137282225,0.7279864205389348,0.5523434077967586,0.9983633387888707,0.10342422603693954,0.772743936448876,0.771889400921659,0.5907990314769975,0.9976133651551312,0.11277504502602613
amn,E0789139,E0789139.fa,20,190,523.4,464,592,0.7222608279617577,0.5737264368816988,0.4917480035492458,1.0,0.18648489822761827,0.7797432731971157,0.6586302681992338,0.6041237113402061,1.0,0.15702284918596607
amn,E0778742,E0778742.fa,21,210,846.0952380952381,360,966,0.7438937227226067,0.7945087017619716,0.0,1.0,0.2386690410190867,0.8811617307690985,0.8638059701492538,0.25862068965517243,1.0,0.12355855556980257
amn,E0790104,E0790104.fa,10,45,957.5,840,1014,0.788346084309758,0.825129265770424,0.591853443864497,0.940670424206467,0.10871950523311356,0.8489036170175677,0.908883826879271,0.6778443113772455,0.9952095808383233,0.1132529909234167
amn,E0793370,E0793370.fa,10,45,227.0,227,227,0.9918722139900372,0.9932203389830508,0.9749894022891056,1.0,0.006197481270357031,0.9886441507586884,0.9911894273127754,0.9647577092511013,1.0,0.00958374018640855
amn,E0793187,E0793187.fa,30,435,421.23333333333335,362,499,0.6713687791056001,0.6225829553592743,0.4795831561037856,0.9966698382492863,0.13435349681555148,0.7385449430906778,0.695054945054945,0.5947521865889213,0.9974747474747475,0.1117523089448746
amn,E0790576,E0790576.fa,22,231,703.7272727272727,632,766,0.5703901282671379,0.46813627254509016,0.04275599128540305,0.9980821917808219,0.2569460470860856,0.6497373717716303,0.5598159509202454,0.26475849731663686,0.9971014492753624,0.19636699676178115
amn,E0793449,E0793449.fa,21,210,257.9047619047619,244,296,0.5674626830052891,0.3965648854961832,0.28233704829449513,1.0,0.23847587420739708,0.6148451020534873,0.4493661871528273,0.3723849372384937,1.0,0.21884484694216513
amn,E0793928,E0793928.fa,21,210,256.57142857142856,193,321,0.5677394039341762,0.3832609032391312,0.20171194640863416,1.0,0.26178017041419993,0.6325027974634903,0.46118012422360244,0.3924050632911392,1.0,0.22640759713245376
amn,E0794206,E0794206.fa,10,45,287.6,225,391,0.803146869486338,0.7658374792703151,0.5669885334942667,0.9951845906902087,0.12609302268391528,0.9155198914789894,0.9209621993127147,0.7649769585253456,0.9965635738831615,0.058843273280404514
amn,E0795490,E0795490.fa,10,45,122.6,110,125,0.8129494913051545,0.8634569850039463,0.540084388185654,1.0,0.10285013691759015,0.8183133472984561,0.832,0.6226415094339622,1.0,0.0943492592484517
amn,E0795765,E0795765.fa,10,45,351.5,347,361,0.8831648869051798,0.8870924279170035,0.7760996290408055,0.9978506179473401,0.07098203616541808,0.8814312242081578,0.8857142857142857,0.7771428571428571,0.9971428571428571,0.07038293832310182
amn,E0793477,E0793477.fa,10,45,838.5,671,884,0.8560006262203517,0.8276022846485604,0.736047107014849,0.9989047097480832,0.07033402731295367,0.9033584353387089,0.9147381242387332,0.8107784431137725,0.997737556561086,0.058990623022543286
amn,E0801542,E0801542.fa,10,45,294.9,149,330,0.6629130302109143,0.6532742802910472,0.37520064205457465,0.994058229352347,0.16636917002016743,0.7892150883319278,0.785234899328859,0.6013071895424836,0.990506329113924,0.09473923327749566
amn,E0801654,E0801654.fa,19,171,762.4736842105264,705,826,0.7408984634938941,0.5596480201131364,0.5126534703081934,1.0,0.21145238098454322,0.7916459312907986,0.6311728395061729,0.5997304582210242,1.0,0.184678617804077
amn,E0801796,E0801796.fa,10,45,298.8,292,305,0.8904260657928741,0.8861892583120204,0.7770927968851395,0.9884244372990354,0.058432493367563544,0.8973495502527423,0.8805460750853242,0.7793103448275862,0.9933333333333333,0.059839439058138134
amn,E0793126,E0793126.fa,31,465,693.1935483870968,347,902,0.47317767917491854,0.5541576567721643,0.06869825612119076,1.0,0.3286517852198131,0.6558481329632831,0.7107438016528925,0.3550863723608445,1.0,0.2403858586352498
amn,E0802102,E0802102.fa,14,91,172.57142857142858,133,190,0.803493635921477,0.8399586990191017,0.3197530864197531,1.0,0.1861856389698532,0.8723041487149197,0.8777777777777778,0.5648854961832062,1.0,0.10574564580401283
amn,E0801530,E0801530.fa,29,406,597.6206896551724,546,652,0.6394606165415045,0.5670199501246883,0.3983739837398374,1.0,0.20258822782707164,0.6677494908065302,0.6148648648648649,0.45517241379310347,1.0,0.18862178970882998
amn,E0793441,E0793441.fa,30,435,751.4,593,1004,0.3558051489520433,0.27374065189784114,0.06964694541511025,1.0,0.2858344103321146,0.4936243435134876,0.38344594594594594,0.2911392405063291,1.0,0.21570686693290908
amn,E0802469,E0802469.fa,12,66,631.9166666666666,441,722,0.8121010302128951,0.8648749086970131,0.4970599044468945,0.9676846017127161,0.12900018914218578,0.9063134164697572,0.9132530120481928,0.7977011494252874,0.9948542024013722,0.04726095013409223
amn,E0802500,E0802500.fa,11,55,224.1818181818182,182,330,0.7845512215369511,0.8207916485428447,0.32932113625421283,1.0,0.19562475425803297,0.8775456931316112,0.9220183486238532,0.5590062111801242,1.0,0.11981786199058307
amn,E0802850,E0802850.fa,10,45,338.9,297,358,0.8910844918911754,0.8991165574237675,0.736068585425597,1.0,0.06945339283330079,0.9156716675878069,0.9247311827956989,0.8259587020648967,1.0,0.04741702954618109
amn,E0802531,E0802531.fa,26,325,149.1153846153846,91,242,0.4521793428302109,0.17489986648865152,0.033075299085151305,1.0,0.3440883198436925,0.6491572675214805,0.4931506849315068,0.2830188679245283,1.0,0.23700341591955423
amn,E0803734,E0803734.fa,10,45,391.3,381,454,0.7745398479801624,0.7541645633518425,0.6319963743485157,0.9536990437845999,0.07884957591724955,0.7863216423306336,0.7769028871391076,0.693717277486911,0.9659685863874345,0.07499922439564084
amn,E0755569,E0755569.fa,40,780,757.325,574,869,0.4128767584063765,0.4312572411613945,0.04366197183098591,0.9988906145995119,0.29453243385132916,0.5511089021492673,0.5359121063991874,0.28547297297297297,1.0,0.22334786550323138
amn,E0804547,E0804547.fa,32,496,142.625,122,146,0.9119786830646867,0.927355989828605,0.5756172839506173,1.0,0.07586580424884716,0.9344786566409836,0.9340277777777778,0.7950819672131147,1.0,0.03987560984088714
amn,E0802095,E0802095.fa,32,496,414.0,368,532,0.4423852259546306,0.47820010935633595,0.09652665589660743,1.0,0.30720154461786,0.5484340564841613,0.5071327636094476,0.2888283378746594,1.0,0.2416163488414368
amn,E0804746,E0804746.fa,10,45,364.6,332,486,0.7984918996626492,0.7785082747676264,0.4572830693731876,1.0,0.182958791130276,0.9165409777888276,0.9787234042553191,0.6798029556650246,1.0,0.09534130159428492
amn,E0805082,E0805082.fa,10,45,333.3,321,366,0.7822234789979826,0.818504366812227,0.4882256297918949,1.0,0.14502032066883697,0.8075624235930677,0.8615384615384616,0.5579937304075235,1.0,0.13754018785325678
amn,E0804997,E0804997.fa,12,66,344.4166666666667,322,350,0.9011057746974891,0.9080289648370599,0.7229290359061351,1.0,0.07931233664474319,0.9288549357718583,0.9428571428571428,0.7950310559006211,1.0,0.05164770528867499
amn,E0805724,E0805724.fa,10,45,226.1,226,227,0.7398792970386534,0.7586512866015972,0.5430346051464063,0.965974370304905,0.11227814266921103,0.7239417943016762,0.7477876106194691,0.5265486725663717,0.9557522123893806,0.10836601743590576
amn,E0805169,E0805169.fa,11,55,457.1818181818182,434,476,0.8478938880514623,0.837152209492635,0.66505568396722,0.9957720958324945,0.06902499876445878,0.8592140007737572,0.8640350877192983,0.7166666666666667,0.9956521739130435,0.059799446626422295
amn,E0805956,E0805956.fa,10,45,522.2,515,552,0.9665870923414543,0.9616801768607222,0.9198138535886881,1.0,0.019303349118410952,0.9728132989975817,0.9786407766990292,0.944015444015444,1.0,0.017253620412648538
amn,E0805071,E0805071.fa,10,45,687.1,654,715,0.7188367161364356,0.7234592730929464,0.5105923043666234,0.9888475836431226,0.13357372552461272,0.7655773174916675,0.7665198237885462,0.6003110419906688,0.9913169319826338,0.11087269342498028
amn,E0809946,E0809946.fa,11,55,303.27272727272725,282,358,0.8328880042511687,0.8185160427807486,0.5679779158040028,0.9956125548430644,0.10493789813023487,0.8640124944102064,0.8929765886287625,0.6583629893238434,0.9933110367892977,0.08035019165347923
amn,E0808060,E0808060.fa,22,231,252.77272727272728,174,275,0.5660841863198595,0.4461883408071749,0.2804255319148936,1.0,0.21069306828563547,0.6309714861301321,0.5240174672489083,0.4482758620689655,1.0,0.16753020819843556
amn,E0810770,E0810770.fa,10,45,522.2,518,526,0.7533870868139707,0.7245269286754003,0.5665516615216997,0.9920203119332608,0.11170027883706508,0.7670572617439634,0.7332053742802304,0.6057692307692307,0.9885057471264368,0.10165919427131326
amn,E0830763,E0830763.fa,10,45,133.7,122,154,0.8444513614064434,0.8513409961685824,0.7018505825908157,0.9925373134328358,0.05877112394560938,0.8872649027850732,0.8828125,0.7950819672131147,1.0,0.04818808953316651
amn,E0811408,E0811408.fa,25,300,235.8,195,249,0.6110478759293663,0.4790134986260779,0.19643672910004567,1.0,0.24002110730986514,0.6799096168312292,0.5319672990252594,0.37566137566137564,1.0,0.2126441744651429
amn,E0808147,E0808147.fa,10,45,837.4,820,863,0.7864249147412543,0.8622192423734496,0.4926620004515692,1.0,0.16634113364651493,0.806293333704042,0.8595438175270108,0.5685534591194968,1.0,0.13642774929046672
amn,E1033126,E1033126.fa,10,45,437.3,422,567,0.7733195995976672,0.7223188405797102,0.5126164596273292,1.0,0.13564247928257345,0.7965593878094162,0.8463356973995272,0.6113744075829384,1.0,0.13160020282321608
amn,E0792988,E0792988.fa,38,703,722.3684210526316,564,893,0.47028265902282407,0.5107186358099878,0.1469453376205788,1.0,0.27307553949054764,0.5894899084557004,0.590782122905028,0.33532934131736525,1.0,0.18932628992218903
amn,E1027385,E1027385.fa,10,45,861.3,858,891,0.9842124259478235,0.9816390506045678,0.9501537110232763,1.0,0.012973881699228694,0.9874125874125872,0.9918414918414918,0.9685314685314685,1.0,0.009549842152563524
amn,E1027398,E1027398.fa,19,171,717.0,690,738,0.813589643029365,0.746138870863076,0.6455238859895625,1.0,0.11932806634846434,0.8219007335304855,0.7411095305832148,0.6953455571227081,1.0,0.11438672518606202
amn,E0802214,E0802214.fa,39,741,543.5641025641025,410,674,0.46814856647426173,0.44013605442176873,0.11268839817735717,0.9917881682587565,0.23513953746053928,0.5767092431394075,0.5472061657032755,0.3391959798994975,1.0,0.1854804771532196
amn,E0803542,E0803542.fa,37,666,594.6756756756756,406,886,0.3869233490582874,0.3458870354190723,0.02637749120750293,0.9971914753015034,0.2565297840989512,0.49061466789467434,0.4219563629509201,0.24584103512014788,1.0,0.2209621699393274
euk,E0738995,HOG_E0738995.fa,16,120,204.0,184,235,0.7552666582776374,0.7404999381195081,0.4807783578547698,0.9887750122010737,0.13397094846362234,0.7898100807701849,0.7487684729064039,0.592391304347826,0.9901960784313726,0.12421982343614665
euk,E0737958,HOG_E0737958.fa,12,66,300.5833333333333,216,411,0.48521142464228295,0.4601053327593584,0.23977755969905135,0.9863255403617115,0.191393307502415,0.6409261002494137,0.6183862433862434,0.4429223744292237,0.9866071428571429,0.1470949202296457
euk,E0738913,HOG_E0738913.fa,14,91,260.7142857142857,247,272,0.6723253435171619,0.6278825995807128,0.33851276359600446,0.9947164494540331,0.17506218368459164,0.7435049332002099,0.70703125,0.48497854077253216,0.9962264150943396,0.13613909377346312
euk,E0736661,HOG_E0736661.fa,11,55,377.6363636363636,357,476,0.6363003608748233,0.777120822622108,0.27334542157751585,1.0,0.27165924343763675,0.7163963428824616,0.8319327731092437,0.45014245014245013,1.0,0.23086028318678165
euk,E0737227,HOG_E0737227.fa,11,55,622.0909090909091,446,691,0.48361403338550457,0.5826513911620295,0.1399628252788104,0.9520491803278689,0.2541958382730045,0.6104343995893216,0.631578947368421,0.3556701030927835,0.9850249584026622,0.18126052576095636
euk,E0739069,HOG_E0739069.fa,15,105,382.73333333333335,354,416,0.3583561492025962,0.3004380314351971,0.13129584352078238,0.9757412398921833,0.21245564018906576,0.49104616052924766,0.42441860465116277,0.3237822349570201,0.9916666666666667,0.1707648192824714
euk,E0739485,HOG_E0739485.fa,15,105,121.8,98,184,0.5729113928370715,0.5383858267716536,0.2614742698191933,1.0,0.1663366951232321,0.7443683596743196,0.7272727272727273,0.5517241379310345,1.0,0.1110556159833207
euk,E0739309,HOG_E0739309.fa,22,231,310.0,275,335,0.5372867792289279,0.5066999065129324,0.26871280927027874,1.0,0.17248970644865394,0.5971508382591888,0.571917808219178,0.34507042253521125,1.0,0.14755546114876425
euk,E0739504,HOG_E0739504.fa,15,105,310.1333333333333,275,344,0.5101068134662524,0.48809901618533796,0.2230437461491066,0.974320241691843,0.14218961215588133,0.6072748534748322,0.5567375886524822,0.44528301886792454,0.99375,0.11278808937044563
euk,E0739554,HOG_E0739554.fa,13,78,376.3076923076923,329,399,0.6482471212175824,0.6008701067604156,0.45801719777440564,0.9857142857142858,0.15602755627797218,0.6738397711004692,0.6405534192339024,0.49279538904899134,0.9871134020618557,0.14191704838565672
euk,E0739875,HOG_E0739875.fa,10,45,442.9,357,509,0.5714932681783143,0.6322683072038103,0.186086529006883,0.9544404786899013,0.23613781894103694,0.6562281422454845,0.6977777777777778,0.36312849162011174,0.9896907216494846,0.18855319201609913
euk,E0745717,HOG_E0745717.fa,13,78,357.7692307692308,353,365,0.6236008143885875,0.5613145073553758,0.4208546089760817,0.9933279957299173,0.1656564644401199,0.6603852144668887,0.614701836648182,0.4913294797687861,0.994413407821229,0.1499747613342726
euk,E0736928,HOG_E0736928.fa,11,55,971.9090909090909,846,1070,0.5669581159598376,0.6404243439419319,0.22346368715083798,0.9985424157030415,0.2645009819540518,0.6523596527542406,0.7083775185577943,0.3864734299516908,0.9979736575481256,0.20006826765265803
euk,E0741827,HOG_E0741827.fa,11,55,592.3636363636364,570,638,0.7402303272163461,0.855084067253803,0.42452830188679247,0.9982203526937389,0.20448098543842105,0.791241177834146,0.9015280135823429,0.4937833037300178,0.9982758620689656,0.19863977746339326
euk,E0745773,HOG_E0745773.fa,17,136,237.35294117647058,217,247,0.5644708226089852,0.4685618322517588,0.21,0.990053557765876,0.22262461633813913,0.6481530344162428,0.5729949874686717,0.39069767441860465,0.9916666666666667,0.17060277614578614
euk,E0745736,HOG_E0745736.fa,14,91,367.92857142857144,359,390,0.7190472125734784,0.690420255807883,0.4296315250767656,1.0,0.17175147104608585,0.7390012086883095,0.7205479452054795,0.4903581267217631,1.0,0.15073168215966826
euk,E0739422,HOG_E0739422.fa,16,120,764.5625,715,779,0.74439095266543,0.7617851174665299,0.5519597267170083,0.9989235737351991,0.13945544832501586,0.751058082470201,0.7490297542043984,0.5676392572944297,0.9987096774193548,0.13590552929415683
euk,E0745969,HOG_E0745969.fa,18,153,263.8888888888889,178,304,0.5882948299632074,0.55461592670895,0.24833529181355268,0.9921090387374462,0.1979492688944265,0.6533896664508093,0.6067415730337079,0.4653846153846154,0.9924242424242424,0.14534464933753108
euk,E0739275,HOG_E0739275.fa,16,120,873.1875,785,937,0.7109502514380102,0.6254727461363552,0.562948123154787,0.9935701486244334,0.1436075591487906,0.803986213370197,0.7552262368548367,0.6966551326412919,0.9976717112922002,0.10364191091517043
euk,E0746267,HOG_E0746267.fa,18,153,417.77777777777777,300,466,0.6174937700464401,0.6328550222662048,0.32701920547224417,1.0,0.20618146608051222,0.7250459971530389,0.7075471698113207,0.5335689045936396,1.0,0.13303964126090354
euk,E0746357,HOG_E0746357.fa,15,105,351.1333333333333,336,371,0.6271059525996904,0.5518184304074378,0.3992971073263044,0.9974497024652876,0.1672117364345933,0.666924762049275,0.5953079178885631,0.4939759036144578,0.9970845481049563,0.1366755668072225
euk,E0745703,HOG_E0745703.fa,19,171,687.3157894736842,574,730,0.6271579862350496,0.5848394227018593,0.40368882939164064,0.989818275550973,0.12932658066059066,0.6626912526988903,0.6189759036144579,0.539543057996485,0.994277539341917,0.10562791982335745
euk,E0746423,HOG_E0746423.fa,15,105,392.26666666666665,307,431,0.5440161758060255,0.43682664054848186,0.29299191374663075,0.9979484841577387,0.21829940148036334,0.666950690823455,0.588957055214724,0.46355685131195334,0.9975786924939467,0.16492084888180839
euk,E0746659,HOG_E0746659.fa,17,136,212.94117647058823,183,272,0.7107469831676042,0.6770090415407879,0.4993860008186656,1.0,0.11499945329538006,0.8107258786349898,0.7577940577940578,0.6831683168316832,1.0,0.10058151050627515
euk,E0746710,HOG_E0746710.fa,12,66,257.3333333333333,210,296,0.5807760005867353,0.5949621125413569,0.2589733693554612,0.9860686374447842,0.20017022990421848,0.7305553877287625,0.7439752696658775,0.5253456221198156,1.0,0.1411537734699904
euk,E0746523,HOG_E0746523.fa,16,120,455.8125,432,527,0.6275685298578028,0.5616555865322754,0.41038849538527583,0.9960092417559336,0.16931725759770969,0.7559914765091845,0.7365674513198939,0.599483204134367,0.9933628318584071,0.1065298838883884
euk,E0745959,HOG_E0745959.fa,14,91,851.2142857142857,837,861,0.5442186838256695,0.509827738515901,0.21849208119562794,0.9910109865719676,0.2292608733200071,0.6083273060122258,0.5821256038647343,0.37257438551099614,0.9953051643192489,0.18166378018582333
euk,E0747054,HOG_E0747054.fa,14,91,199.21428571428572,194,228,0.6850517812980107,0.6549295774647887,0.4721496953872933,0.9907834101382489,0.1358459777026974,0.6909892187026806,0.6307692307692307,0.5233160621761658,0.9847715736040609,0.12310653010107957
euk,E0748254,HOG_E0748254.fa,10,45,143.1,135,162,0.8890274597241856,0.8909209666884389,0.7572115384615384,1.0,0.07132971560446613,0.9309894527088365,0.9318181818181818,0.8518518518518519,1.0,0.03918583774354183
euk,E0749133,HOG_E0749133.fa,14,91,318.07142857142856,258,389,0.5545448645580963,0.4882903981264637,0.298379700397432,1.0,0.1936656295657354,0.7079185695373408,0.6531365313653137,0.5083056478405316,1.0,0.14972085601615295
euk,E0748047,HOG_E0748047.fa,12,66,489.3333333333333,390,520,0.5111847885275416,0.48804218051797055,0.3097771531820919,0.9829901521933752,0.19624778482672978,0.6076764022470154,0.5517979797979798,0.44759825327510916,0.9846153846153847,0.14468130305326038
euk,E0749136,HOG_E0749136.fa,17,136,225.76470588235293,186,256,0.6595091000168044,0.6348353356312351,0.4167289021657954,0.9970200085142614,0.15707487554636743,0.6944385966814979,0.6590909090909091,0.4854771784232365,0.9955555555555555,0.12918409724457425
euk,E0745867,HOG_E0745867.fa,15,105,946.4666666666667,903,964,0.6228707605239971,0.5475023464386276,0.3982724529087314,0.9977822580645161,0.16245679125428378,0.638590389304363,0.5635005336179295,0.46645021645021645,0.9979013641133263,0.1492810820610292
euk,E0746286,HOG_E0746286.fa,14,91,979.5714285714286,928,1005,0.47841440812756175,0.4254205990972507,0.13985521817816207,0.983,0.24464210553258084,0.5426435085205726,0.4820457018498368,0.29260089686098656,0.9858728557013118,0.19915375026810553
euk,E0746543,HOG_E0746543.fa,15,105,702.0666666666667,606,742,0.6048017602349163,0.5340692286726628,0.398066657048045,0.9852087365219795,0.17251593369960677,0.6692330908558257,0.6046852122986823,0.5182829888712241,0.992867332382311,0.13386193026056115
euk,E0752475,HOG_E0752475.fa,17,136,468.29411764705884,350,516,0.6189882609862325,0.6450353289462503,0.10564077189510143,0.9587792310741181,0.19506099099375523,0.6993932957594188,0.7043440041022636,0.29894179894179895,0.9937238493723849,0.16351997494382803
euk,E0749861,HOG_E0749861.fa,14,91,575.0714285714286,558,593,0.6784449586635394,0.6192582511058183,0.4477587068821863,0.9935396123767426,0.14992403138331056,0.7021001529313183,0.6514084507042254,0.4991243432574431,0.9930675909878682,0.13380047743376278
euk,E0753547,HOG_E0753547.fa,13,78,509.9230769230769,404,550,0.7269342097171022,0.7057420631411391,0.601840490797546,0.9842602308499475,0.098047165570428,0.8077912501237353,0.790676839732158,0.6520912547528517,0.9977628635346756,0.09490580932287881
euk,E0754197,HOG_E0754197.fa,15,105,410.06666666666666,362,444,0.48892609368641704,0.39232558139534884,0.2589061716006021,0.9976679104477612,0.1918952708848713,0.5516241036064149,0.46875,0.3536231884057971,0.9948586118251928,0.16209738465192175
euk,E0747393,HOG_E0747393.fa,15,105,940.8666666666667,769,1136,0.7154673855411777,0.6450011284134507,0.38246392896781356,0.99887867234806,0.16001933092754414,0.8032028830166349,0.7595078299776287,0.6387195121951219,1.0,0.11067869911267852
euk,E0756359,HOG_E0756359.fa,18,153,479.22222222222223,449,529,0.7902347539948252,0.8446638815039879,0.3006535947712418,0.9924184988627748,0.1796726417668901,0.8382525498578322,0.8679245283018868,0.5195121951219512,1.0,0.1290442480695347
euk,E0754233,HOG_E0754233.fa,15,105,698.6666666666666,427,901,0.4257828546233061,0.35077428437353353,0.11711711711711711,0.9659505472233482,0.18763798551785513,0.6541182890530077,0.5978915662650602,0.4937655860349127,0.9729344729344729,0.13121775318085718
euk,E0758308,HOG_E0758308.fa,29,406,305.9655172413793,226,336,0.7108084279159886,0.7738883632923368,0.19621749408983452,1.0,0.23349112742707717,0.7662435043607911,0.8010112385112385,0.3738738738738739,1.0,0.18123673144643096
euk,E0759084,HOG_E0759084.fa,18,153,357.77777777777777,327,403,0.6803765730710563,0.645632333767927,0.2969773299748111,0.9902213072568193,0.17318684575947185,0.7154799841120518,0.6878612716763006,0.41329479768786126,0.9861495844875346,0.1402236054031238
euk,E0752720,HOG_E0752720.fa,17,136,755.7058823529412,667,806,0.7976748673982523,0.8368829765801703,0.4949788583509514,1.0,0.13715056881908433,0.8255305306402408,0.851531291611185,0.6039453717754173,1.0,0.11688713389832388
euk,E0749142,HOG_E0749142.fa,14,91,998.7142857142857,728,1178,0.3791346570756521,0.2332943697642704,0.13149284253578733,0.9812600056502495,0.23812461165660412,0.5205897032814409,0.385038503850385,0.3474285714285714,0.9972527472527473,0.20124592895446344
euk,E0759639,HOG_E0759639.fa,17,136,515.4705882352941,356,615,0.6427799326357023,0.6483758426891174,0.11649319455564451,1.0,0.2281064287459062,0.7199737827673168,0.721574192397991,0.32621951219512196,1.0,0.17227550861906182
euk,E0761639,HOG_E0761639.fa,19,171,462.4736842105263,311,528,0.5468838781573796,0.5560926485397785,0.18839822315129345,1.0,0.2136959128312308,0.6883105839519837,0.7009803921568627,0.38079470198675497,1.0,0.1667136613373408
euk,E0769246,HOG_E0769246.fa,20,190,443.0,317,512,0.41972142838849974,0.29666246011536335,0.16728025770823746,0.9967105263157895,0.22587368018714016,0.5526169363499147,0.46902223575997565,0.34627831715210355,0.9957983193277311,0.1697464991595353
euk,E0758684,HOG_E0758684.fa,16,120,824.3125,578,934,0.6552049125721844,0.6352815172157422,0.3148456513385423,0.995005386348056,0.15261063063150762,0.7491267352246199,0.707989417989418,0.6088495575221239,0.993485342019544,0.10494563433167546
euk,E0780058,HOG_E0780058.fa,17,136,412.47058823529414,273,465,0.6289294659715314,0.6487283897582089,0.1563955080799781,0.9976739268344259,0.2080980354983617,0.7607416296154986,0.7620222736124634,0.4064039408866995,0.9975490196078431,0.1733522303046858
euk,E0781413,HOG_E0781413.fa,21,210,116.95238095238095,93,157,0.6182726866837758,0.6010016694490818,0.1522184300341297,1.0,0.23915217966655122,0.7270775622347869,0.7003146067415731,0.3125,1.0,0.20368493541608088
euk,E0779894,HOG_E0779894.fa,26,325,278.4230769230769,236,341,0.39505993312082255,0.26367851622874805,0.05816398037841626,0.9976343359242987,0.23269370550818994,0.5201690015038488,0.4092664092664093,0.28634361233480177,1.0,0.19438728813733605
euk,E0781703,HOG_E0781703.fa,24,276,118.08333333333333,88,122,0.5122399922667142,0.5514446444644465,0.07536231884057971,0.994475138121547,0.23431446331863043,0.5573633688587372,0.5702479338842975,0.23809523809523808,0.9917355371900827,0.19458422022764035
euk,E0781675,HOG_E0781675.fa,22,231,544.1363636363636,397,615,0.4389073186507237,0.3368557656655543,0.16911764705882354,0.9913494809688581,0.20202965890787586,0.5276875843331462,0.43253968253968256,0.3747276688453159,0.9946808510638298,0.16743105431131958
euk,E0781792,HOG_E0781792.fa,21,210,651.1904761904761,470,771,0.5154828042491584,0.6311068589149258,0.10528494549468746,0.9920611584827992,0.28426038240448176,0.6161760112232239,0.7007508857561843,0.30341113105924594,0.9909365558912386,0.21977029637881892
euk,E0783173,HOG_E0783173.fa,17,136,525.5882352941177,453,558,0.7277486478560629,0.7257978866968051,0.46102104173853053,0.990173307128819,0.14085058501570288,0.7764827064243579,0.7563610600490196,0.5905349794238683,0.9867674858223062,0.11250894699074189
euk,E0784079,HOG_E0784079.fa,27,351,289.55555555555554,255,329,0.4354741080996957,0.366499162479062,0.09151291512915129,1.0,0.263800666531582,0.5350525223424527,0.4432234432234432,0.3,1.0,0.21847110613611412
euk,E0785287,HOG_E0785287.fa,16,120,121.0625,92,151,0.44841224772655924,0.3540921705469342,0.20398009950248755,0.9932795698924731,0.22044356755060643,0.5373662074567839,0.4588516746411483,0.32456140350877194,0.9922480620155039,0.16729232731863244
euk,E0789185,HOG_E0789185.fa,20,190,162.3,109,202,0.4304780294402437,0.3751456669414206,0.052752293577981654,0.994535519125683,0.2036221450337119,0.5327380713993092,0.4646103158373097,0.328,0.9940828402366864,0.1661248826587562
euk,E0759259,HOG_E0759259.fa,48,1128,460.7916666666667,336,532,0.599160960567527,0.5502442841362715,0.2192024384048768,1.0,0.15383195320332488,0.6712633304483361,0.6378562399448403,0.3684210526315789,1.0,0.12902574545989737
euk,E0770269,HOG_E0770269.fa,33,528,659.2424242424242,490,773,0.6040486313449516,0.5688117842018329,0.21193287756370416,0.9965981766226697,0.18248081587901813,0.7392609807604045,0.6842105263157895,0.4683760683760684,1.0,0.13544821636674897
euk,E0790046,HOG_E0790046.fa,23,253,168.91304347826087,141,204,0.6274413909227395,0.5728777362520021,0.23788105947026486,1.0,0.20604223671488647,0.6913398156696152,0.674074074074074,0.40397350993377484,1.0,0.16393732503483702
euk,E0784066,HOG_E0784066.fa,27,351,469.85185185185185,260,564,0.49520627326391364,0.48661852166525066,0.05353687379058267,1.0,0.2614723894140721,0.6395484818525554,0.6684636118598383,0.2749445676274945,1.0,0.21178240756799616
euk,E0790149,HOG_E0790149.fa,16,120,361.8125,267,500,0.48632157272699433,0.4334096925381449,0.07036059806508356,0.9935553168635876,0.21100723033996252,0.6148038965669687,0.5658706253585772,0.36363636363636365,1.0,0.172912716720464
euk,E0790087,HOG_E0790087.fa,21,210,396.0,302,549,0.7477722569512483,0.8414665950707232,0.3323943661971831,1.0,0.19293289105514533,0.8333402911027117,0.9034637715740078,0.5134328358208955,1.0,0.14583523331328338
euk,E0793757,HOG_E0793757.fa,26,325,161.84615384615384,139,229,0.49806678473741245,0.49266862170087977,0.0,1.0,0.2497056442585993,0.5875726039088268,0.5594405594405595,0.2740740740740741,1.0,0.19831158289809397
euk,E0780419,HOG_E0780419.fa,37,666,610.9459459459459,508,769,0.6366657086525952,0.6847961747810537,0.16262653169952052,0.9956542732979237,0.2184353734836873,0.7435840474216856,0.7676313336930397,0.3584905660377358,0.998272884283247,0.16139618237872902
euk,E0794199,HOG_E0794199.fa,29,406,145.20689655172413,114,188,0.5602174478749821,0.5323591768925354,0.16808252427184467,1.0,0.21478860410594092,0.625392160871377,0.5713800904977375,0.29927007299270075,1.0,0.20157889222791153
euk,E0792964,HOG_E0792964.fa,34,561,373.3529411764706,209,456,0.37338491072665947,0.28289117487818083,0.12358393408856849,0.9966614734030714,0.21250584306375409,0.4866331540877538,0.41687344913151364,0.29381443298969073,0.9977220956719818,0.17420055588125885
euk,E0793021,HOG_E0793021.fa,21,210,596.3333333333334,416,686,0.39311788047258867,0.39307322629653774,0.0682330222079176,0.9925360756344336,0.23647827151451245,0.5071603359393778,0.5065354063123911,0.26410835214446954,0.9932203389830508,0.1803452676997755
euk,E0795316,HOG_E0795316.fa,24,276,108.25,80,130,0.5285362828208233,0.48173476008527555,0.17395727365208546,1.0,0.19516417541218428,0.6000234550313789,0.5766111822449851,0.2912621359223301,1.0,0.16048660126375908
euk,E0794379,HOG_E0794379.fa,20,190,363.7,315,383,0.5173246147545848,0.5488837928785677,0.21030756442227763,1.0,0.19762972314163246,0.5792283834217938,0.573995990082341,0.3387096774193548,1.0,0.15322555041673303
euk,E0794232,HOG_E0794232.fa,23,253,460.04347826086956,324,535,0.5282455511449552,0.462848626783053,0.1817801047120419,0.9896515311510031,0.18689586988712506,0.6126156533804813,0.5723684210526315,0.3877005347593583,0.9956803455723542,0.16476115850036968
euk,E0789260,HOG_E0789260.fa,23,253,866.5652173913044,576,997,0.45449517827926333,0.5268972142170989,0.09457739307535641,0.9973769803798133,0.265793911695832,0.5605001851327935,0.6241426611796982,0.2774390243902439,0.9979057591623036,0.20434064179740588
euk,E0793921,HOG_E0793921.fa,41,820,456.8536585365854,285,567,0.6034833302459272,0.6594868885792347,0.03622047244094488,1.0,0.23046547405951712,0.6739729859538209,0.7248908296943232,0.2852664576802508,1.0,0.1878292239079172
euk,E0778401,HOG_E0778401.fa,37,666,801.3783783783783,715,901,0.5955210052659168,0.5627559109468291,0.3964150293002413,0.9993085964507951,0.1298672843621996,0.6402627993177493,0.6084656084656085,0.4868766404199475,0.9987531172069826,0.11262483010349912
euk,E0795420,HOG_E0795420.fa,36,630,437.30555555555554,357,537,0.4121012106317117,0.3831072372416432,0.12193562140268599,0.9965489779665516,0.18110492912860265,0.5343878964489706,0.49623975120158326,0.32175925925925924,0.9943977591036415,0.14156236490345284
euk,E0801829,HOG_E0801829.fa,29,406,344.9310344827586,275,424,0.4300773967686074,0.418077742607039,0.04980132450331126,1.0,0.2370453179674249,0.5178544609314266,0.49230769230769234,0.2668918918918919,1.0,0.16741057728960834
euk,E0803072,HOG_E0803072.fa,34,561,361.1764705882353,312,433,0.4325671515231515,0.3805841924398625,0.14785675529028758,1.0,0.192738387238803,0.49717178262218265,0.4527777777777778,0.28040540540540543,1.0,0.1598675845729221
euk,E0802765,HOG_E0802765.fa,48,1128,428.0208333333333,218,550,0.2984007905044095,0.2945876000223826,0.0,0.9923285198555957,0.2034348171488776,0.4251587032075395,0.3900115375479317,0.23546511627906977,0.988558352402746,0.1345285911201845
euk,E0802240,HOG_E0802240.fa,27,351,816.4074074074074,693,909,0.3706251380389491,0.1340958605664488,0.05927445476139063,0.9989656361337778,0.2953557874738179,0.5036785145538646,0.35340314136125656,0.28175182481751826,0.9987966305655837,0.21663077125176974
euk,E0801614,HOG_E0801614.fa,42,861,605.1666666666666,505,818,0.2335390618707023,0.1562260683106142,0.02257064093728463,0.9901022764764105,0.19089796174985274,0.38078321154241196,0.33457943925233646,0.22795698924731184,0.988013698630137,0.1370448495880109
euk,E0803107,HOG_E0803107.fa,44,946,372.15909090909093,289,588,0.4092791886944224,0.33483542933099464,0.0,1.0,0.30195709967187384,0.5546873468584139,0.4861413391371143,0.25475285171102663,1.0,0.2228298535129721
euk,E0803575,HOG_E0803575.fa,15,105,229.26666666666668,220,280,0.4663909069330608,0.5097378277153558,0.08301599390708302,0.9970748015043878,0.24858135060319636,0.5405240776650659,0.5818181818181818,0.27184466019417475,0.995575221238938,0.18553767518181843
euk,E0803212,HOG_E0803212.fa,33,528,283.1212121212121,203,382,0.3944484198219154,0.34678817962930386,0.030047636496885306,1.0,0.27474396428974407,0.49707215734346044,0.40485417889998043,0.2062780269058296,1.0,0.22799205270570816
euk,E0803328,HOG_E0803328.fa,38,703,282.7631578947368,179,373,0.1983366415019328,0.12589712918660287,0.0,0.9978617248752673,0.1954197760895667,0.34786969416665003,0.29910714285714285,0.19724770642201836,0.9962406015037594,0.14712641092327128
euk,E0804898,HOG_E0804898.fa,24,276,265.2916666666667,203,347,0.42281452160897887,0.4197115396884945,0.09943289224952741,1.0,0.19029881264332965,0.5016081584866368,0.4682153041825095,0.29646017699115046,1.0,0.15618583367197705
euk,E0803937,HOG_E0803937.fa,36,630,331.22222222222223,245,438,0.3661630135418986,0.2718383740995529,0.02555816686251469,0.9967751392553503,0.2546143795489084,0.4856917273684935,0.39192143962848297,0.22591362126245848,0.9970149253731343,0.21587116779646492
euk,E0808137,HOG_E0808137.fa,24,276,129.29166666666666,114,179,0.5569507890599704,0.5552736352399705,0.2327478042659975,1.0,0.19667085729482414,0.6220480655937359,0.6403508771929824,0.3484848484848485,1.0,0.17765349168195665
euk,E0804722,HOG_E0804722.fa,29,406,411.8965517241379,338,598,0.2655501644294451,0.19936474123560102,0.02101407364565259,0.9893333333333333,0.21035844814778598,0.3959839938459115,0.3383130877742947,0.21690140845070421,0.9893899204244032,0.15792941060660354
euk,E0813567,HOG_E0813567.fa,32,496,152.96875,130,238,0.5211544529235388,0.49438859656011935,0.23648648648648649,0.9947643979057592,0.1327746180003799,0.610847760505828,0.5714285714285714,0.35658914728682173,0.993103448275862,0.1199002895553071
euk,E0812781,HOG_E0812781.fa,27,351,315.8888888888889,297,374,0.5689525795559819,0.4641772920461445,0.20844686648501362,1.0,0.23813499498632928,0.6114906347181911,0.5,0.29292929292929293,1.0,0.20398811087525262
euk,E0801674,HOG_E0801674.fa,50,1225,594.58,471,838,0.3739750410360026,0.33381180223285484,0.12731072174891497,0.9976973684210526,0.1641179088482028,0.49044906004720584,0.4573502722323049,0.30666666666666664,0.9982993197278912,0.1284434573658033
euk,E0816287,HOG_E0816287.fa,23,253,477.39130434782606,336,676,0.4798132568700875,0.5131355131355131,0.021193666260657735,0.9935163996948894,0.24259516834980385,0.5887983492078546,0.5843373493975904,0.27445652173913043,0.9959595959595959,0.18112956820605886
euk,E0816677,HOG_E0816677.fa,26,325,369.7307692307692,271,478,0.3733996948124084,0.2633973710819009,0.050303848750844024,0.9618898459932133,0.2255634752558474,0.4861139806949175,0.40298507462686567,0.2374429223744292,0.9887323943661972,0.16683040730581983
euk,E0796129,HOG_E0796129.fa,41,820,856.3414634146342,746,1279,0.5993822755513807,0.6574927327524549,0.06988198122851036,1.0,0.2291018159260491,0.675225036655213,0.7130647130647131,0.32043530834340994,1.0,0.1688767962761599
euk,E0818004,HOG_E0818004.fa,27,351,699.6666666666666,610,835,0.5334799354473276,0.44851387519368924,0.038239635046290084,0.9718368479467259,0.2609055485196355,0.6074178484087885,0.5086614173228347,0.3038229376257545,0.9883211678832117,0.2023427351615231
euk,E0804798,HOG_E0804798.fa,49,1176,888.469387755102,661,1008,0.510316621709402,0.45783795684720385,0.2561351217088922,1.0,0.16208505105334042,0.5894037726967056,0.540613816996128,0.3764172335600907,1.0,0.13036390068435874
euk,E0805604,HOG_E0805604.fa,44,946,931.3636363636364,695,1442,0.2100075002019702,0.15792119647497754,0.0,0.9810162555416619,0.18348166488720488,0.3965556184851585,0.3622574059034709,0.26002587322121606,0.9941176470588236,0.12821481118605557
bac,E0866384,E0866384.fa,10,45,126.7,120,133,0.2841432569756653,0.2762854950115119,0.13851080864691753,0.6816421378776143,0.0975963271515709,0.36406943035911454,0.34375,0.225,0.72,0.080102272307065
bac,E0866364,E0866364.fa,10,45,150.5,129,159,0.44934975807467764,0.42132305716120744,0.2974107767669699,0.8541801685029164,0.09598925671496682,0.48259712080676176,0.48,0.3708609271523179,0.8278145695364238,0.0767559142334407
bac,E0866440,E0866440.fa,10,45,274.9,251,314,0.41281871015217697,0.4037900874635568,0.3244236551954561,0.8465184104994532,0.0761580809982238,0.5209796766336767,0.5122950819672131,0.46502057613168724,0.851145038167939,0.05537203234706758
bac,E0866981,E0866981.fa,10,45,212.8,210,224,0.4414421253252999,0.4268237426370639,0.3267415730337079,0.7694394213381555,0.07690507954748865,0.4556659445406562,0.4449760765550239,0.35071090047393366,0.7619047619047619,0.06423877480898342
bac,E0886776,E0886776.fa,10,45,257.6,239,354,0.213058128567393,0.19868095630667765,0.07237276933245208,0.5186934277843369,0.08033869256652372,0.3114747118140691,0.29707112970711297,0.24774774774774774,0.5,0.05342922669726097
bac,E0866925,E0866925.fa,10,45,362.4,357,376,0.45077562153600986,0.45430251202565475,0.2684774092452337,0.7700106723585912,0.11866524983509981,0.4812832593720479,0.4733893557422969,0.3721590909090909,0.7590027700831025,0.08320044587469991
bac,E0866386,E0866386.fa,10,45,417.2,402,427,0.28719265971511726,0.27635524798154554,0.16219290263876252,0.8674423910563541,0.10185459149422045,0.3812384605785292,0.36803874092009686,0.30749354005167956,0.8598574821852731,0.08037581730640074
bac,E0866444,E0866444.fa,10,45,544.3,490,579,0.43470098538198326,0.4187094448449892,0.33256924546322825,0.926953981008035,0.0968905289778613,0.4958808732669283,0.47368421052631576,0.4282744282744283,0.9240506329113924,0.07809647632620173
bac,E0988205,E0988205.fa,12,66,346.8333333333333,328,367,0.33277461351880583,0.4098407704688338,0.06238698010849909,1.0,0.2311659844220257,0.4469036234131798,0.4816278522700541,0.26666666666666666,1.0,0.14986172869712444
bac,E0889623,E0889623.fa,17,136,404.2352941176471,306,635,0.16748585977864774,0.10872522067282647,0.005545286506469501,0.8563144329896907,0.1663673363541136,0.3644346513551952,0.3371728871728872,0.23636363636363636,0.8300653594771242,0.10058010855242143
bac,E0866388,E0866388.fa,10,45,925.0,821,1057,0.14931776277399034,0.12078117175763646,0.07299753834501041,0.7180606617647058,0.09985197490541593,0.30474631876534086,0.2932242990654206,0.23815309842041313,0.7045720984759671,0.06475829257809287
bac,E0990732,E0990732.fa,26,325,237.57692307692307,181,297,0.19001097737945724,0.12270688952303302,0.026854219948849106,1.0,0.1896794177443686,0.35521251205627674,0.3103448275862069,0.22115384615384615,1.0,0.13707985441036438
bac,E0990851,E0990851.fa,40,780,86.325,57,234,0.23437831659397326,0.23045808264581907,0.0,0.7699594046008119,0.14393754534939818,0.42159326138506753,0.4065148305084746,0.2222222222222222,0.8,0.09818281715224708
bac,E0990905,E0990905.fa,19,171,95.26315789473684,83,116,0.3350526518487546,0.3095487932843652,0.13733905579399142,0.9288061336254108,0.11566088919201734,0.4328642578303433,0.4111111111111111,0.2988505747126437,0.9347826086956522,0.0873791503206368
bac,E0889653,E0889653.fa,21,210,474.95238095238096,421,512,0.10918652130774816,0.04795707855934127,0.011967247533067394,0.7215777262180975,0.12321456476558891,0.29399454256695384,0.27691182961818583,0.20537897310513448,0.7061224489795919,0.05881482341088919
bac,E0990983,E0990983.fa,13,78,67.38461538461539,64,78,0.2082809836220897,0.1974622671893915,0.07379518072289157,0.6647230320699709,0.09046651526229507,0.3038750522686081,0.296875,0.14925373134328357,0.6470588235294118,0.07544414276356289
bac,E0991027,E0991027.fa,16,120,179.5,140,218,0.22142830343847975,0.13396556221876688,0.03837342497136312,0.6883629191321499,0.17504556273488756,0.3796411976761983,0.3531172948221205,0.22875816993464052,0.6827956989247311,0.10541984938628235
bac,E0990893,E0990893.fa,36,630,148.19444444444446,113,176,0.1765994594495302,0.14805096990377817,0.0,1.0,0.12937983090238836,0.34104423910616444,0.33088235294117646,0.2,1.0,0.0899673497167041
bac,E0991069,E0991069.fa,24,276,115.91666666666667,109,127,0.3055201669639472,0.23813429359009203,0.05666400638467677,1.0,0.17494503747821705,0.3618244500731174,0.3035500598324691,0.21428571428571427,1.0,0.14472246106480455
bac,E0991055,E0991055.fa,18,153,241.66666666666666,221,294,0.1997998163110629,0.1277357739753283,0.008236615499812805,1.0,0.2209561468766943,0.36623308312115943,0.3160621761658031,0.23696682464454977,1.0,0.14815238755683313
bac,E0991084,E0991084.fa,11,55,362.0,313,408,0.12216433317933052,0.07677329624478442,0.013877768881772085,0.5772925764192139,0.11202247538890027,0.2882177496875357,0.2837370242214533,0.21003134796238246,0.5727002967359051,0.05915134859162887
bac,E0991113,E0991113.fa,30,435,76.7,70,94,0.23204139506062965,0.17647058823529413,0.05067985166872682,1.0,0.1934892815929027,0.34380393612964066,0.3013698630136986,0.16216216216216217,1.0,0.1565389864025536
bac,E0991092,E0991092.fa,22,231,216.22727272727272,180,271,0.1971322829112475,0.19204389574759945,0.023073574227252938,0.5558006175562418,0.12166810691562445,0.34747905127134787,0.3383838383838384,0.21875,0.5714285714285714,0.06808025766805452
bac,E0991463,E0991463.fa,33,528,184.27272727272728,156,331,0.14647273656302717,0.11952306618611411,0.0,1.0,0.1286647785645747,0.30156674256292626,0.2875408496732026,0.1564625850340136,1.0,0.09401069790746988
bac,E0991584,E0991584.fa,20,190,277.0,217,342,0.06324960497641295,0.04787282366867045,0.0,0.8793755912961211,0.07691219326383314,0.3039334283291365,0.29848939575830336,0.22123893805309736,0.8894009216589862,0.055968441170563085
bac,E0992157,E0992157.fa,16,120,257.5,221,282,0.12105030566494093,0.10687982853580263,0.017470300489168415,0.6491682070240296,0.08125103761234155,0.3254050294744241,0.31476781349877797,0.21518987341772153,0.6346153846153846,0.06035586005303963
bac,E0992254,E0992254.fa,20,190,94.4,87,106,0.20180949921446845,0.15688468158347676,0.0,0.9830508474576272,0.15610597551718933,0.3520316774550498,0.3315018315018315,0.18181818181818182,0.970873786407767,0.10636378396137537
bac,E0983296,E0983296.fa,33,528,464.24242424242425,405,599,0.0810984602505304,0.059116928800313356,0.005528021349599695,0.9977601303196905,0.10003357564823691,0.30194445567097383,0.29301075268817206,0.2119047619047619,0.9979716024340771,0.07098400853127691
bac,E0889658,E0889658.fa,33,528,508.8181818181818,251,757,0.05380326011623723,0.03324463427961755,0.0,0.6053545881872062,0.07292486495218235,0.2880474571047591,0.2850348781383264,0.22401847575057737,0.583864118895966,0.03497035112152398
bac,E0992697,E0992697.fa,22,231,313.72727272727275,280,355,0.27696783022828786,0.26886935434980297,0.06207535515750463,0.6722376973073352,0.11265047264896569,0.39917435058656076,0.39403973509933776,0.23411371237458195,0.6857142857142857,0.07410562919459196
bac,E0992482,E0992482.fa,16,120,488.4375,413,604,0.1962242142779641,0.10617168238367276,0.0,0.8344231174857625,0.20774222262252798,0.3895730811204532,0.3406204906204906,0.24317617866004962,0.8241758241758241,0.12281081361040687
bac,E0994123,E0994123.fa,13,78,343.2307692307692,267,367,0.230893226302855,0.22220232732692424,0.08735332464146023,0.6378543635352973,0.08957380811894768,0.36462584729706304,0.3586009472232769,0.28059701492537314,0.6552706552706553,0.062044013740354724
bac,E0990658,E0990658.fa,42,861,429.0238095238095,151,1103,0.049889238537208586,0.022123893805309734,0.0,0.9857235561323816,0.08691818857506024,0.33603475237033487,0.3333333333333333,0.20903954802259886,0.9795918367346939,0.05940849043802337
bac,E0994427,E0994427.fa,18,153,508.27777777777777,344,632,0.14600373085763288,0.0881704628949302,0.0,0.7101274543575612,0.14973946871141844,0.3557254230973047,0.32142857142857145,0.2484472049689441,0.7344322344322345,0.09081011428154394
bac,E0995117,E0995117.fa,15,105,273.73333333333335,260,297,0.17238072655324288,0.1092015753669889,0.0,0.9879858657243816,0.20514917241811162,0.34140994229125227,0.30042918454935624,0.18222222222222223,0.9924528301886792,0.1504234103478645
bac,E0991547,E0991547.fa,40,780,397.5,241,737,0.09936778848824405,0.08749005530692446,0.0,0.9870200108166577,0.08339105900976007,0.3470739565842195,0.3402990660868326,0.2558139534883721,1.0,0.05576102472708672
bac,E0995409,E0995409.fa,11,55,113.81818181818181,110,132,0.4855757809370336,0.4385650224215247,0.2638544251447477,0.9770114942528736,0.15161392238417945,0.5177485698803437,0.46296296296296297,0.3577981651376147,0.9818181818181818,0.13109343872311655
bac,E0995137,E0995137.fa,15,105,279.73333333333335,244,305,0.5562513788481589,0.568158869067654,0.3302752293577982,0.9318100678329169,0.14600972942401705,0.6106100328161992,0.6286764705882353,0.44405594405594406,0.9191176470588235,0.11824306609364321
bac,E0995820,E0995820.fa,14,91,226.78571428571428,198,278,0.20669803031980044,0.1319320214669052,0.03241430700447094,0.9891846921797005,0.2081432328132043,0.3558481556443536,0.29842931937172773,0.21621621621621623,0.9913793103448276,0.16256405984835756
bac,E0994775,E0994775.fa,28,378,276.2857142857143,217,306,0.07187950436466518,0.04326153412678944,0.0,0.7764483627204031,0.10755310888866237,0.30149683302359925,0.28773584905660377,0.18723404255319148,0.7692307692307693,0.06607389784381323
bac,E0995484,E0995484.fa,20,190,272.65,236,348,0.2341420753554447,0.15512689483547365,0.02260981912144703,0.9957314707023671,0.21204159169779824,0.3872826611358894,0.34196937321937326,0.24888888888888888,0.9959183673469387,0.13673458496710317
bac,E0993605,E0993605.fa,16,120,809.0,613,1167,0.05885228192769592,0.024494265894711872,0.0,1.0,0.13224351507606827,0.2983692934747061,0.2838722994358057,0.2388268156424581,1.0,0.08797112493049065
bac,E0996091,E0996091.fa,21,210,298.85714285714283,279,324,0.258589380595483,0.25675552767140364,0.021498577300031615,0.9966909331568498,0.16963172910619925,0.40070543062441777,0.3996197718631179,0.224,0.9964664310954063,0.12393378563541439
bac,E1000672,E1000672.fa,10,45,191.9,187,199,0.49883701604002745,0.4921540656205421,0.3306603773584906,0.775549188156638,0.07942729460465406,0.5118176962506559,0.5026455026455027,0.40425531914893614,0.7357512953367875,0.07097079519764894
bac,E1001108,E1001108.fa,23,253,139.65217391304347,108,167,0.2503416758038732,0.22840314136125656,0.003436426116838488,0.995937318630296,0.13483307831067237,0.42790571850298253,0.4117647058823529,0.26666666666666666,0.993421052631579,0.10054009888713127
bac,E1001680,E1001680.fa,14,91,112.0,108,132,0.49621487546643295,0.5269000853970965,0.23218390804597702,0.9012567324955116,0.18748645895581786,0.5514761940663866,0.6,0.32710280373831774,0.8981481481481481,0.1571381961277731
bac,E1001738,E1001738.fa,16,120,269.5,244,321,0.2200100120448292,0.1828767171909933,0.05779078273591807,0.9841269841269841,0.14990257748043714,0.3892727331180393,0.36701860231272,0.25333333333333335,0.9816176470588235,0.10666273828066909
bac,E0990910,E0990910.fa,48,1128,437.4583333333333,406,471,0.1918637062060205,0.1132833254508592,0.0,0.9300805924635156,0.17063693850561035,0.34903569747773205,0.3088845125446307,0.2159383033419023,0.9244851258581236,0.09659634496008138
bac,E0996090,E0996090.fa,35,595,309.65714285714284,260,379,0.2000273449750807,0.17172739541160595,0.016042780748663103,0.771693884085815,0.1085698569406935,0.36875545857549785,0.3554006968641115,0.24609375,0.7717041800643086,0.07190759525966234
bac,E1013559,E1013559.fa,10,45,316.4,285,368,0.4567167674154699,0.44954128440366975,0.27392173664667235,0.9055352999668544,0.11369056120053077,0.537718007904256,0.5323741007194245,0.4377224199288256,0.8819444444444444,0.07410812897130273
bac,E0998388,E0998388.fa,16,120,618.9375,453,730,0.22660767338744728,0.2213030436935005,0.037926068170907344,0.7843720427200216,0.1920928437703788,0.4300560830956491,0.3942515025003441,0.29777777777777775,0.8120411160058737,0.10539079123876481
bac,E1026438,E1026438.fa,10,45,174.5,158,203,0.2559451571352965,0.11767810026385224,0.05062537224538416,1.0,0.2750826809334947,0.4359596100764933,0.3630573248407643,0.2893081761006289,1.0,0.19242740832494734
bac,E0994512,E0994512.fa,34,561,505.4117647058824,371,566,0.17251449219658327,0.16964124752118262,0.0014566642388929353,0.7649365197908887,0.110603077502052,0.36582859652527716,0.36281179138321995,0.22838137472283815,0.7862903225806451,0.06939322578796016
bac,E1002243,E1002243.fa,23,253,553.2608695652174,511,656,0.1312621472967137,0.11164138401227203,0.013329101872421454,0.6552343867006141,0.10211135398735764,0.34527887148269254,0.33482142857142855,0.24726477024070023,0.688695652173913,0.052149464191657995
bac,E1008850,E1008850.fa,18,153,698.1111111111111,575,714,0.411716454951506,0.32629640124681214,0.2535708800491476,1.0,0.18300872361318415,0.48599098937784624,0.4318840579710145,0.3775811209439528,1.0,0.1470516015493536
bac,E1027338,E1027338.fa,15,105,351.26666666666665,336,382,0.3574902195991983,0.35848535102266443,0.17326321616385276,0.8314606741573034,0.11374093058909729,0.46497724811504454,0.4722222222222222,0.33126934984520123,0.8092485549132948,0.07861007178391696
bac,E1027387,E1027387.fa,49,1176,102.46938775510205,101,112,0.6474668709985685,0.6086123119198419,0.43886255924170614,1.0,0.11793740206793693,0.643054917749238,0.6039603960396039,0.48514851485148514,1.0,0.10975442668458492
bac,E1027632,E1027632.fa,13,78,194.07692307692307,161,207,0.31785190429801136,0.23268462811909754,0.09694364851957975,1.0,0.21873031313267627,0.43551683413510434,0.37229705778092875,0.2602040816326531,1.0,0.15428562282520653
bac,E1027329,E1027329.fa,24,276,435.625,382,521,0.40142975856113655,0.3878960644615421,0.023026315789473683,0.9981892258940697,0.19195593982363868,0.4803704840366321,0.45195263673524544,0.2534435261707989,0.9977272727272727,0.13775920617605383
bac,E1027911,E1027911.fa,19,171,223.21052631578948,210,234,0.23762859686228957,0.21138912855910266,0.08261758691206544,0.6916979557780559,0.11299010947968496,0.3517274546423606,0.3393665158371041,0.23414634146341465,0.6787330316742082,0.07138083865658709
bac,E1027266,E1027266.fa,50,1225,275.36,244,281,0.5813890391748293,0.5561643835616439,0.44324512534818944,1.0,0.09832154227188927,0.6042836385082131,0.583941605839416,0.4725274725274725,1.0,0.08499103502758486
bac,E1027550,E1027550.fa,44,946,120.81818181818181,69,156,0.2735981848306468,0.2565032561272525,0.06295224312590449,1.0,0.12557629205893361,0.3764546008217753,0.3619047619047619,0.17699115044247787,1.0,0.09690669201151272
bac,E1027257,E1027257.fa,46,1035,387.3478260869565,299,481,0.42005820920507797,0.41017488076311603,0.011898323418063819,1.0,0.15148060825281548,0.5050839625450884,0.4859550561797753,0.2418478260869565,1.0,0.11443963914009037
bac,E0997625,E0997625.fa,50,1225,388.34,238,855,0.09395641928803743,0.06119722073757349,0.0,0.9500283929585462,0.11583428470636957,0.3430892120102408,0.3287671232876712,0.23655913978494625,1.0,0.06721288650391546
bac,E1028477,E1028477.fa,12,66,214.83333333333334,185,255,0.3336681258128577,0.25268660071942445,0.09146608315098469,0.8406862745098039,0.1885355955037403,0.45614294108158493,0.3795831619361031,0.3021978021978022,0.8260869565217391,0.14221327800133723
bac,E1028560,E1028560.fa,25,300,334.48,315,379,0.48271291336825184,0.445512289430098,0.32566096423017105,1.0,0.1361591620462597,0.5358410922340384,0.503125,0.40514469453376206,1.0,0.11523828146021418
bac,E1028216,E1028216.fa,45,990,312.2,290,324,0.3438033697142529,0.3091350104156275,0.17355889724310777,0.997513983840895,0.11323825271756569,0.4362905800130031,0.41487419940105363,0.3069306930693069,0.996875,0.08574500187878643
bac,E1029441,E1029441.fa,16,120,461.9375,451,481,0.5665810470165106,0.4984199877983653,0.4161739864864865,1.0,0.12950331942791865,0.5922777856126454,0.5342163355408388,0.45916114790286977,1.0,0.11415738701463289
bac,E1029756,E1029756.fa,15,105,128.73333333333332,109,166,0.4271819129569787,0.40177849636216656,0.2508361204013378,0.718932443703086,0.10795092296700613,0.5448199414371181,0.5126050420168067,0.41739130434782606,0.8181818181818182,0.08828778382676938
bac,E1029773,E1029773.fa,10,45,289.8,285,320,0.3275778620093257,0.3027581783194355,0.15456298200514137,0.7663172133919514,0.10872518556656197,0.3836619738408941,0.3814814814814815,0.2756183745583039,0.7665505226480837,0.07890617509780877
bac,E1030072,E1030072.fa,16,120,78.5625,75,91,0.5014381206794948,0.4806156213662916,0.29133858267716534,0.9504447268106735,0.1224799400770849,0.5336925195599466,0.4935064935064935,0.3950617283950617,0.9240506329113924,0.1137537013317054
bac,E1030201,E1030201.fa,19,171,212.3684210526316,202,235,0.3005812999606746,0.24367816091954023,0.11543624161073826,0.867906976744186,0.15862097652347387,0.3919964500882534,0.35051546391752575,0.2651162790697674,0.8529411764705882,0.11333985985116489
bac,E1028473,E1028473.fa,46,1035,374.39130434782606,157,437,0.46554089234466683,0.4478097622027534,0.07799619530754598,1.0,0.13698815923953772,0.5205692577538186,0.49175824175824173,0.3641304347826087,1.0,0.09661375720652061
bac,E1029002,E1029002.fa,26,325,536.4230769230769,496,568,0.4306730945031274,0.23100189035916824,0.08497916289182823,1.0,0.2838058351042607,0.5249781512798823,0.38064516129032255,0.2792207792207792,1.0,0.20402650748655635
bac,E1030314,E1030314.fa,30,435,156.3,135,244,0.2662865031854046,0.2324239244491081,0.08042635658914729,0.9862671660424469,0.14891524729078326,0.39087991670946926,0.36231884057971014,0.22142857142857142,0.9866666666666667,0.10987252714880459
bac,E1027973,E1027973.fa,30,435,629.1333333333333,589,698,0.2820161737020211,0.25165562913907286,0.15078194157568603,1.0,0.11808881529588627,0.3854527294544536,0.35584843492586493,0.2904841402337229,1.0,0.09119676217010389
bac,E1029250,E1029250.fa,20,190,662.9,606,834,0.3158381392595448,0.2565031506252211,0.020102010201020103,1.0,0.19015285024320264,0.42398568755785737,0.39141314407314187,0.2585616438356164,1.0,0.13042953582798736
bac,E1030655,E1030655.fa,19,171,561.0526315789474,458,753,0.28669269223260707,0.23210107627515209,0.10029590406478742,1.0,0.16001117951306404,0.4258797680227778,0.3958333333333333,0.3243847874720358,1.0,0.1071570678503842
bac,E1030603,E1030603.fa,35,595,368.25714285714287,287,459,0.18843770584533623,0.12703673018503175,0.0,1.0,0.16816722329155467,0.3496177512788936,0.3236842105263158,0.23049645390070922,1.0,0.11118668790914309
bac,E1033225,E1033225.fa,50,1225,134.56,128,178,0.4870439124040846,0.4521072796934866,0.2617801047120419,1.0,0.13213442223774274,0.5429722455346913,0.515625,0.3984375,1.0,0.0959815303708459
bac,E1030751,E1030751.fa,50,1225,244.1,220,325,0.2811079119449025,0.2708247845711941,0.0744606819763396,1.0,0.13593870056423668,0.4063615917510614,0.3881278538812785,0.24675324675324675,1.0,0.09555419121013001
bac,E1033107,E1033107.fa,31,465,369.7741935483871,343,391,0.28526635329320715,0.21768341843590433,0.11560535665482372,0.9984709480122325,0.16514122135936599,0.39806708553672976,0.3562874251497006,0.25513196480938416,0.9973821989528796,0.11804529174054948
bac,E1033232,E1033232.fa,50,1225,87.38,81,122,0.4884420496735435,0.4903954802259887,0.15096153846153845,1.0,0.14359047651589787,0.5539734360975593,0.5542168674698795,0.313953488372093,1.0,0.11551832079800253
bac,E1033823,E1033823.fa,11,55,301.90909090909093,266,492,0.4838217332799178,0.5483131346216836,0.13562805034677627,0.8758526603001364,0.16001428116163394,0.5565564707829561,0.5910780669144982,0.3858267716535433,0.851063829787234,0.09990329064676763
bac,E1033238,E1033238.fa,50,1225,127.9,123,166,0.7455978084205439,0.7440974866717441,0.5203357004519045,1.0,0.07231226891363998,0.7788752550711748,0.7716535433070866,0.6747967479674797,1.0,0.05579614682200043
bac,E1033231,E1033231.fa,50,1225,131.34,129,132,0.49885444929609113,0.47477064220183485,0.283661119515885,1.0,0.1402367101128432,0.5214205575571734,0.5038759689922481,0.3282442748091603,1.0,0.11246993023850504
bac,E1033964,E1033964.fa,10,45,319.5,297,364,0.4934913351038417,0.4399271844660194,0.3439031421158835,0.9962940086473132,0.15688933043025152,0.5435387230218729,0.4966442953020134,0.42567567567567566,0.9967532467532467,0.14693572643128
bac,E1030960,E1030960.fa,42,861,332.64285714285717,309,401,0.20626240969880275,0.14370195150798346,0.02579787234042553,0.9943096735549566,0.16011105387923794,0.3465190469657522,0.3006993006993007,0.2280130293159609,0.99375,0.1059956459976439
bac,E1033955,E1033955.fa,37,666,207.27027027027026,194,236,0.23126736245553198,0.21035853246479433,0.04065040650406504,0.8588235294117647,0.10403769903257291,0.3726070269789969,0.3621621621621622,0.21390374331550802,0.8307692307692308,0.06990931851249294
bac,E1036190,E1036190.fa,50,1225,124.64,119,131,0.5620413795530478,0.5475578406169666,0.3520066889632107,1.0,0.09992035946599961,0.6021046902886122,0.5867768595041323,0.4032258064516129,1.0,0.08789281187620532
bac,E1036237,E1036237.fa,20,190,259.8,211,352,0.2649183742980823,0.11077313123078383,0.009722722362261434,1.0,0.2721918687265833,0.40588888168752174,0.3112244897959184,0.2436548223350254,1.0,0.1864749431546538
bac,E1036895,E1036895.fa,13,78,241.92307692307693,232,253,0.3240407909832969,0.3048889951415671,0.1556840077071291,0.855278310940499,0.1373594792183623,0.39115263831070163,0.36983336525569815,0.28879310344827586,0.8298755186721992,0.08657252642735333
bac,E1036285,E1036285.fa,18,153,305.77777777777777,286,368,0.42850682761373643,0.41614474599860823,0.2197832731314254,1.0,0.14754287816736464,0.5054551799935328,0.4731182795698925,0.36996336996337,1.0,0.10823113054910125
bac,E1037234,E1037234.fa,10,45,206.0,194,210,0.41378259794648586,0.4008438818565401,0.16583371194911403,0.9773672055427252,0.2153443480094489,0.49431135553333144,0.46153846153846156,0.2923076923076923,0.9760765550239234,0.1760018830451211
bac,E1036044,E1036044.fa,32,496,397.40625,376,477,0.2621976581557043,0.18225355980608438,0.0,1.0,0.22366765980401812,0.4012319060118989,0.35107802194159954,0.23652694610778444,1.0,0.14025931814417122
bac,E1033252,E1033252.fa,24,276,738.3333333333334,724,747,0.5884055911317463,0.5987376857962068,0.40912121616215497,0.8571800546803802,0.07939630623253098,0.5968283345132825,0.5975620727706039,0.4516574585635359,0.8442953020134228,0.06660540352645385
bac,E1033950,E1033950.fa,50,1225,341.3,327,374,0.44714268946218294,0.42054483541430193,0.27824151363383415,1.0,0.11021701281391384,0.5001429597647055,0.48104956268221577,0.3669724770642202,1.0,0.08393819298882989
bac,E1038404,E1038404.fa,50,1225,405.48,327,519,0.305052308285953,0.24309749784296808,0.1377767837172892,1.0,0.15585759635535282,0.41011505191319186,0.36790123456790125,0.2848297213622291,1.0,0.11258670419958647
bac,E1028269,E1028269.fa,48,1128,707.6041666666666,669,842,0.3194065218828568,0.28750092989445186,0.17037418027517037,1.0,0.11120746679700318,0.40659921183079484,0.38166809702335247,0.3087557603686636,1.0,0.08464786516329373
bac,E1039751,E1039751.fa,48,1128,498.7083333333333,279,541,0.35326301137966576,0.330045227733089,0.07394766780432309,1.0,0.1145722768953042,0.4441237471585629,0.4253138295078523,0.29896907216494845,1.0,0.07856521267285596
act,E0906941,E0906941.fa,10,45,167.9,130,177,0.5984517833474541,0.49570200573065903,0.34960341671751066,1.0,0.219318599465657,0.6767920298192656,0.5802469135802469,0.4691358024691358,1.0,0.1801350781486728
act,E0908420,E0908420.fa,13,78,78.07692307692308,70,90,0.6258536252164322,0.6415791496949175,0.41533180778032036,1.0,0.1266368208768765,0.7198120218258255,0.7105263157894737,0.5909090909090909,1.0,0.07523964228245814
act,E0908369,E0908369.fa,14,91,187.71428571428572,181,200,0.462993581722732,0.4439723844928306,0.16142557651991615,1.0,0.22455904592936368,0.5590285298861466,0.5409836065573771,0.327683615819209,1.0,0.1820772636077118
act,E0908698,E0908698.fa,26,325,102.07692307692308,95,107,0.6826453300063737,0.6721144024514811,0.3810483870967742,1.0,0.11313738579709628,0.7077679952959528,0.6989247311827957,0.43434343434343436,1.0,0.1079067130881354
act,E0908869,E0908869.fa,11,55,208.0909090909091,165,265,0.45346236855950456,0.4233750745378652,0.09928762243989314,1.0,0.24100438623686063,0.5860386853015004,0.5348837209302325,0.2625,1.0,0.20508723856666275
act,E0908385,E0908385.fa,15,105,240.46666666666667,225,270,0.33082777641708266,0.19110926464478603,0.1251891074130106,1.0,0.2537856882686656,0.4660704523766558,0.3783783783783784,0.30454545454545456,1.0,0.19141302246582614
act,E0908753,E0908753.fa,13,78,286.84615384615387,269,308,0.5054227810640354,0.5092289549220351,0.14605580434033757,1.0,0.24374948552221282,0.5719441592541694,0.5430711610486891,0.3269961977186312,1.0,0.17761690261604504
act,E0908431,E0908431.fa,23,253,220.17391304347825,199,241,0.27914308434734464,0.19828815977175462,0.042138649750792935,1.0,0.2100416176104261,0.4176620053654579,0.3489583333333333,0.24120603015075376,1.0,0.1659775946547869
act,E0909556,E0909556.fa,27,351,146.22222222222223,114,173,0.298984257210628,0.23545516769336072,0.06453558504221954,1.0,0.1955637998765742,0.4386746684857625,0.392,0.24647887323943662,1.0,0.15757973710827003
act,E0909416,E0909416.fa,25,300,212.48,163,242,0.47498856371565257,0.4756683529024124,0.21536217792902285,1.0,0.10367521028601612,0.5465130191141574,0.5368075308140323,0.37566137566137564,1.0,0.07655169109564808
act,E0910650,E0910650.fa,14,91,298.64285714285717,292,304,0.7136186459494692,0.7149277688603531,0.4682042833607908,1.0,0.12454689026072951,0.7168805342191048,0.7171717171717171,0.5034722222222222,1.0,0.11115578077199505
act,E0910862,E0910862.fa,29,406,114.34482758620689,108,157,0.4504890810692812,0.4456140350877193,0.17419825072886297,1.0,0.15974611288553958,0.5295557833413721,0.5045871559633027,0.3669724770642202,1.0,0.11348626143252202
act,E0910923,E0910923.fa,17,136,204.05882352941177,185,274,0.47908388728227214,0.45960566469578484,0.2458146182115149,0.9613821138211383,0.1708945357849722,0.5452649388585733,0.5052088985349973,0.37373737373737376,0.958974358974359,0.1407756278227952
act,E0909399,E0909399.fa,23,253,272.17391304347825,229,293,0.2066012743148105,0.14400612792033704,0.050354345393509886,1.0,0.153882295847192,0.37972020457836486,0.35802469135802467,0.2647058823529412,1.0,0.09699739641820683
act,E0909355,E0909355.fa,23,253,306.7826086956522,237,337,0.13707001207532754,0.11121613106490233,0.0,1.0,0.12295512994783724,0.3573252069434283,0.34275618374558303,0.24745762711864408,1.0,0.08322145229614006
act,E0910969,E0910969.fa,41,820,87.0,77,103,0.35946032527952576,0.33954668661857235,0.0,1.0,0.1377123690271414,0.5131687240108754,0.5,0.22077922077922077,1.0,0.10004010236462284
act,E0911256,E0911256.fa,10,45,210.9,177,224,0.5867807269650659,0.5570731707317074,0.20100045475216008,1.0,0.23064809183488774,0.6966551175533481,0.6717171717171717,0.41304347826086957,1.0,0.16622736334674437
act,E0910958,E0910958.fa,14,91,433.14285714285717,401,494,0.2854371270920483,0.07854630715123095,0.03741570589514901,1.0,0.26029285610292935,0.4417417595217593,0.36607142857142855,0.2724867724867725,1.0,0.15750557324283804
act,E0911951,E0911951.fa,23,253,142.7826086956522,123,167,0.3815202839427389,0.3498964803312629,0.046130952380952384,1.0,0.15753328218483517,0.42241385346475324,0.3870967741935484,0.23770491803278687,1.0,0.13020507539447132
act,E0911917,E0911917.fa,27,351,185.1851851851852,163,204,0.35579322923469764,0.3333333333333333,0.14878397711015737,1.0,0.11701690022726706,0.4865150538561261,0.47752808988764045,0.32941176470588235,1.0,0.07844229179468279
act,E0911214,E0911214.fa,24,276,287.0833333333333,228,310,0.5034854130432158,0.488510013982158,0.31644736842105264,1.0,0.09531919638184463,0.5475673774227466,0.5313592657342657,0.41304347826086957,1.0,0.0840389568573061
act,E0912826,E0912826.fa,12,66,144.0,134,168,0.5937845489281119,0.6319158682689279,0.20588235294117646,1.0,0.16868236314769594,0.664295346905972,0.7084694989106755,0.34558823529411764,1.0,0.14754015760651804
act,E0912050,E0912050.fa,13,78,359.6923076923077,320,418,0.37168884656040757,0.3596404250819073,0.23321836030777396,0.7323140710028505,0.07777154479934995,0.4953092302268682,0.4814196962724344,0.40064102564102566,0.7561643835616438,0.0644710458624362
act,E0911000,E0911000.fa,15,105,614.2666666666667,471,729,0.32621075281611955,0.2870722433460076,0.11383967724960534,0.922496984318456,0.2185695970186014,0.5032925239270007,0.4674657534246575,0.2985386221294363,0.9081325301204819,0.1526060782280493
act,E0913327,E0913327.fa,28,378,253.96428571428572,240,281,0.30644074790520875,0.2493066984262831,0.046129788897576234,1.0,0.18686352676198018,0.4219182999747229,0.38255255255255255,0.25339366515837103,1.0,0.13707661133864005
act,E0913273,E0913273.fa,20,190,409.05,352,443,0.42976914934615384,0.3414247000953255,0.25444596443228457,1.0,0.17935371320723964,0.5339111474411553,0.47606382978723405,0.3756476683937824,1.0,0.137435705115749
act,E0913985,E0913985.fa,14,91,182.07142857142858,127,193,0.44466874072540674,0.4223433242506812,0.13812154696132597,1.0,0.19452810412917304,0.5239144298097719,0.4853801169590643,0.31746031746031744,1.0,0.15282216860403672
act,E0914187,E0914187.fa,11,55,172.54545454545453,163,202,0.621716703055885,0.5767659077641565,0.4171581769436997,1.0,0.14790114863606296,0.6941458161475836,0.6602564102564102,0.536144578313253,1.0,0.11756354519931739
act,E0914813,E0914813.fa,11,55,445.90909090909093,399,467,0.22532759709259037,0.1917449224721555,0.06548519559109574,1.0,0.14980974212220263,0.4036022671028863,0.38018433179723504,0.327027027027027,1.0,0.0919796801971764
act,E0915110,E0915110.fa,13,78,416.46153846153845,403,423,0.3868886655335857,0.1941201315140711,0.04339622641509434,1.0,0.3145949280648216,0.4878159318128833,0.3412698412698413,0.2717391304347826,1.0,0.2352044154481246
act,E0913950,E0913950.fa,22,231,393.40909090909093,332,438,0.37708558133347153,0.22980572597137014,0.10770552850186194,1.0,0.2809502566362999,0.504024147420122,0.4057971014492754,0.3028391167192429,1.0,0.2085598774018376
act,E0916784,E0916784.fa,13,78,458.15384615384613,399,502,0.22132798579177992,0.10548319795667177,0.048028200044062566,1.0,0.2306739137798689,0.42146236456654523,0.3559322033898305,0.2988235294117647,1.0,0.1520287066290069
act,E0916679,E0916679.fa,20,190,324.3,284,371,0.27068550873298614,0.09136829841518379,0.04196403083071653,0.9005334170065893,0.25194375678663,0.47002972457988984,0.38682646091576023,0.3088235294117647,0.9134615384615384,0.14978415501703232
act,E0916891,E0916891.fa,12,66,539.5833333333334,467,602,0.3162897462131571,0.29559545305708984,0.12305854241338113,0.6121244635193133,0.10314689356696163,0.457364481193724,0.42924016570340945,0.36947791164658633,0.8,0.08043415489804025
act,E0917144,E0917144.fa,41,820,97.07317073170732,75,117,0.49875506638199607,0.4756546950256535,0.18696883852691218,1.0,0.1707305940155113,0.6067450910694755,0.5882352941176471,0.34444444444444444,1.0,0.12585865384746736
act,E0910963,E0910963.fa,44,946,356.4318181818182,261,490,0.24512643410449877,0.20078732442289243,0.027762506871907643,1.0,0.16251122086413086,0.4239822913462527,0.4046930911092761,0.283987915407855,1.0,0.11421482922286595
act,E0916905,E0916905.fa,37,666,209.0,145,249,0.36945292073656416,0.331491400417847,0.04976525821596244,1.0,0.1625000769514866,0.46229554096700426,0.4237791818376526,0.2838709677419355,1.0,0.12238652398305729
act,E0990879,E0990879.fa,12,66,319.0833333333333,279,367,0.34920673503895955,0.3141893596268974,0.055013309671694766,0.8921722728701666,0.22573496052896258,0.4742192342465777,0.43316885964912283,0.30392156862745096,0.8634920634920635,0.15746574422643864
act,E0912307,E0912307.fa,38,703,380.63157894736844,304,606,0.20880832085915535,0.11171897494961129,0.0,1.0,0.24976546823170065,0.40077698544132295,0.334375,0.19827586206896552,1.0,0.17620061860418454
act,E0991133,E0991133.fa,26,325,167.03846153846155,153,195,0.2275782200627207,0.15562310030395138,0.03564608529598982,1.0,0.18519133853906822,0.40176906590040246,0.36363636363636365,0.22972972972972974,1.0,0.13860927504292359
act,E0990835,E0990835.fa,23,253,267.7391304347826,218,331,0.19927232253269941,0.09156050955414012,0.006944444444444444,0.825487012987013,0.17173878282014182,0.3782289994452036,0.35406698564593303,0.2297872340425532,0.8032786885245902,0.10257800338084638
act,E0992129,E0992129.fa,16,120,228.4375,178,258,0.4717005257686442,0.45434106329831525,0.2469244288224956,0.8805474906677727,0.12773877687711893,0.571682194729966,0.5649155216073727,0.3470319634703196,0.9090909090909091,0.11036277766788526
act,E0991460,E0991460.fa,42,861,127.54761904761905,113,189,0.48236783058266897,0.47843775427176566,0.05606758832565284,1.0,0.1754012629081232,0.5623119844900732,0.5423728813559322,0.19130434782608696,1.0,0.1437250399334207
act,E0916882,E0916882.fa,36,630,426.6388888888889,333,483,0.3223135376876506,0.29697107888120444,0.05875602478769796,1.0,0.1454830342032173,0.4743133192388329,0.45888278388278386,0.2976878612716763,1.0,0.10386306265585785
act,E0990904,E0990904.fa,37,666,350.2972972972973,271,377,0.5955428919430519,0.6180385764737844,0.0,1.0,0.18925924764846302,0.6683344699831988,0.6802659234213653,0.26244343891402716,1.0,0.12935331831742264
act,E0992182,E0992182.fa,25,300,169.92,161,197,0.5761843318846485,0.6258726413310167,0.02145214521452145,1.0,0.18346101960472502,0.6295728985325502,0.6597266823663741,0.28859060402684567,1.0,0.1264721389030555
act,E0992194,E0992194.fa,14,91,246.28571428571428,216,256,0.47852315512468724,0.3410493827160494,0.22247619047619047,1.0,0.225364480407013,0.5662936740549044,0.46774193548387094,0.3624454148471616,1.0,0.17872155335286188
act,E0992179,E0992179.fa,22,231,514.9090909090909,441,548,0.342168930455593,0.30023813885326983,0.11085043988269795,1.0,0.22710890619718146,0.46822517036060396,0.422360248447205,0.2984054669703872,1.0,0.14973410213212135
act,E0909967,E0909967.fa,33,528,694.2424242424242,597,977,0.25811887828113594,0.17025807597677767,0.06787540678754068,1.0,0.21832840761358968,0.4405057537588172,0.38419117647058826,0.3248175182481752,1.0,0.14574936532035618
act,E0992136,E0992136.fa,44,946,309.79545454545456,257,363,0.359052992034826,0.3592980735338094,0.0009282178217821782,1.0,0.20518767221040837,0.46623632850632274,0.44862772695285014,0.22983870967741934,1.0,0.13268748014950882
act,E0994533,E0994533.fa,20,190,122.2,77,144,0.2869745196968985,0.23696024990483366,0.04331306990881459,0.8366533864541833,0.17003420407081038,0.4475420903224006,0.4088430535798957,0.25961538461538464,0.865546218487395,0.12314737366095256
act,E0992444,E0992444.fa,29,406,396.1034482758621,302,667,0.0900567342651428,0.040181982592423074,0.0,0.8325199075263293,0.14828668222484262,0.3572336122353358,0.3337789661319073,0.24458204334365324,0.8531073446327684,0.09578320293990478
act,E0992711,E0992711.fa,41,820,299.8048780487805,274,423,0.535357828032267,0.5083579154375615,0.25254750757367117,1.0,0.13300827290065403,0.5873966274397288,0.5698924731182796,0.36496350364963503,1.0,0.11634745034106352
act,E0995457,E0995457.fa,34,561,222.76470588235293,204,278,0.3216581019838298,0.2819779321618308,0.1369172616547669,1.0,0.1496100447743797,0.4896348892499591,0.46116504854368934,0.3173076923076923,1.0,0.10899756780480084
act,E0991409,E0991409.fa,50,1225,340.1,280,608,0.33228465382901606,0.3105934553521908,0.0,1.0,0.16214280630902336,0.5141574797581582,0.503125,0.23880597014925373,1.0,0.10877368997135321
act,E0998809,E0998809.fa,10,45,266.2,258,269,0.7649863053621921,0.764221824686941,0.5246305418719212,1.0,0.13750489643015662,0.7639563526506132,0.7596899224806202,0.5692883895131086,1.0,0.12355901414081018
act,E0996733,E0996733.fa,25,300,292.8,273,315,0.4974225734857682,0.4950111751324473,0.269825918762089,1.0,0.10692368017799204,0.5519875654662404,0.5459434182838439,0.3873239436619718,1.0,0.08527923109527091
act,E0992735,E0992735.fa,40,780,298.3,227,341,0.30552658649748304,0.26213310084277824,0.03595430107526882,1.0,0.19926806772250194,0.47020474364692627,0.44076583139083136,0.2914798206278027,1.0,0.1350637711263676
act,E1005383,E1005383.fa,14,91,124.28571428571429,123,128,0.42690641038873817,0.4383561643835616,0.13307086614173227,0.7590652699435939,0.12654033962807,0.47976888133259077,0.4878048780487805,0.24793388429752067,0.7580645161290323,0.09854911219451486
act,E0998291,E0998291.fa,32,496,258.0625,186,441,0.16230802419172133,0.1302330463213234,0.0,1.0,0.13295293987434534,0.3781430437408296,0.3655605000111809,0.251063829787234,1.0,0.08386425544730859
act,E1007742,E1007742.fa,17,136,264.8235294117647,234,342,0.3853675099228144,0.34298189924667905,0.21389514313284014,0.9120340091563113,0.1537233867082057,0.49296248902695866,0.4517543859649123,0.3524229074889868,0.9428571428571428,0.12942700272318128
act,E0993664,E0993664.fa,45,990,321.9111111111111,304,346,0.6424511686648715,0.6225627858461045,0.49570115624073524,1.0,0.0926626638430017,0.6981895487111088,0.6836251870425041,0.5960912052117264,1.0,0.06787638055477642
act,E1009211,E1009211.fa,12,66,221.66666666666666,183,266,0.45438604235987384,0.4907935098482402,0.0547945205479452,1.0,0.19755783502928337,0.5216301009148828,0.5201262218117448,0.27358490566037735,1.0,0.13631072058494959
act,E1015623,E1015623.fa,15,105,172.13333333333333,154,179,0.42968444326576644,0.4102870813397129,0.2484258729250143,1.0,0.13839552158667498,0.5020350718906881,0.4742857142857143,0.35064935064935066,1.0,0.10534547894063602
act,E1008293,E1008293.fa,48,1128,104.375,79,116,0.5915225041039877,0.5680671553179657,0.16114285714285714,1.0,0.1598356193314156,0.6310261257237928,0.6095238095238096,0.3783783783783784,1.0,0.137007663457512
act,E1025643,E1025643.fa,18,153,266.5,192,369,0.28072572285605535,0.14983922829581994,0.07612712490761271,1.0,0.2579484348849512,0.49896661872593856,0.4222222222222222,0.3231939163498099,1.0,0.17761294404265263
act,E1001514,E1001514.fa,41,820,281.8048780487805,258,305,0.5416884275567597,0.5250800426894343,0.36752433936022255,1.0,0.11014053230844251,0.6013391268608286,0.5890909090909091,0.4492753623188406,1.0,0.09539234728010224
act,E0995474,E0995474.fa,38,703,396.3157894736842,390,412,0.4938098331349704,0.435793731041456,0.23048327137546468,1.0,0.1720864284364795,0.5243055942668229,0.46923076923076923,0.32124352331606215,1.0,0.14605808874560125
act,E1027489,E1027489.fa,14,91,216.07142857142858,189,258,0.5091540316514692,0.5647152528872958,0.2234513274336283,0.8772893772893773,0.19964851547536808,0.6190227516804103,0.6878048780487804,0.390625,0.9234449760765551,0.1629831266469507
act,E1027651,E1027651.fa,29,406,225.17241379310346,168,246,0.4374156781323278,0.461842123139611,0.05776892430278884,1.0,0.22140439314812924,0.5600339017708019,0.5276334682156376,0.31794871794871793,1.0,0.14512392710053934
act,E1000494,E1000494.fa,35,595,467.45714285714286,434,489,0.5966895852011486,0.5877691995123934,0.4667384284176534,1.0,0.08642526656410618,0.6169627249110592,0.605080831408776,0.5150812064965197,1.0,0.07993936579433635
act,E1006095,E1006095.fa,19,171,819.8947368421053,698,1076,0.22805922389813407,0.1373532657770643,0.052423900789177004,1.0,0.19740504926534735,0.4284940341473731,0.3764705882352941,0.2955367913148372,1.0,0.12913448257930224
act,E1027736,E1027736.fa,14,91,378.42857142857144,356,478,0.4568815964041053,0.4690666666666667,0.16919982118909255,0.8961346305548251,0.13182314364862432,0.5354456530324112,0.5264623955431755,0.3881019830028329,0.8912466843501327,0.08975792001167338
act,E1028017,E1028017.fa,29,406,143.82758620689654,141,161,0.4650765895989332,0.4424055291687486,0.21668909825033647,1.0,0.13948900095647046,0.5465745077628684,0.530916111287422,0.36428571428571427,1.0,0.10514374052387195
act,E1028175,E1028175.fa,24,276,246.16666666666666,213,279,0.2589027587587048,0.2159333023586248,0.03897180762852405,1.0,0.19447707128445546,0.40844891991731236,0.35965367965367967,0.24302788844621515,1.0,0.1289912187203151
act,E1028192,E1028192.fa,30,435,110.56666666666666,108,119,0.7234137035066194,0.7472434266327396,0.22047894302229562,1.0,0.138539148520248,0.7281083629581727,0.7407407407407407,0.35185185185185186,1.0,0.10935369263710641
act,E1028268,E1028268.fa,26,325,121.07692307692308,110,154,0.4175676934524518,0.398538961038961,0.16482758620689655,1.0,0.13392969780657676,0.5077837959523068,0.4915254237288136,0.35135135135135137,1.0,0.10498786364277793
act,E1027257,E1027257.fa,50,1225,409.16,371,542,0.6636580261155107,0.660105980317941,0.33149405772495755,1.0,0.10472237792083525,0.7427364813947999,0.7386666666666667,0.47745358090185674,1.0,0.0910674339759375
act,E1016676,E1016676.fa,50,1225,393.64,282,403,0.386289342971999,0.3480131612250063,0.19970631424375918,1.0,0.1453509056200345,0.44393899845689794,0.4119170984455959,0.31313131313131315,1.0,0.11994395377498701
act,E1027665,E1027665.fa,46,1035,367.5217391304348,305,441,0.41533869802808226,0.2017067494181536,0.13913267940113577,1.0,0.27344713103871016,0.5438048733596478,0.41776315789473684,0.30303030303030304,1.0,0.18411823458595164
act,E1028900,E1028900.fa,47,1081,273.8723404255319,249,360,0.4402202041109843,0.5332640332640333,0.08045612923661705,1.0,0.25015718077907406,0.5499367364651859,0.6106870229007634,0.27091633466135456,1.0,0.18087019172976515
act,E1027299,E1027299.fa,47,1081,458.3404255319149,319,473,0.7381997851388821,0.735097999595878,0.5260047281323877,1.0,0.07422063121442987,0.7355813322563809,0.7239130434782609,0.6217391304347826,1.0,0.06533519390248763
act,E1029110,E1029110.fa,50,1225,201.96,192,239,0.46595778566583645,0.44051282051282054,0.19445706497046797,1.0,0.1378532266276566,0.5337217283506522,0.5053763440860215,0.3402061855670103,1.0,0.11361731133298977
act,E1031550,E1031550.fa,12,66,373.5833333333333,360,418,0.40754822997896395,0.3435271132060815,0.24932322685435843,1.0,0.20420950727458823,0.5109921982031013,0.4450898241604774,0.4036144578313253,1.0,0.16520537612623543
act,E1032154,E1032154.fa,18,153,267.6111111111111,264,282,0.6324415085188366,0.6399706098457016,0.3379360465116279,1.0,0.19228369669180936,0.6335341597344611,0.6287878787878788,0.3805970149253731,1.0,0.18040888118792034
act,E1032317,E1032317.fa,13,78,112.46153846153847,108,133,0.5166732171018287,0.5970664365832614,0.18788819875776397,1.0,0.23925024616437202,0.5908973698571847,0.6666666666666666,0.3119266055045872,1.0,0.20107100861882404
act,E1031052,E1031052.fa,25,300,349.08,329,376,0.35107287085870825,0.3158149704661932,0.0,1.0,0.2972332981251164,0.4854718358784635,0.4277451289371721,0.23432343234323433,1.0,0.19572568293935547
act,E1033234,E1033234.fa,50,1225,115.84,113,124,0.7567924419733362,0.7465397923875432,0.443796835970025,1.0,0.09366489020396379,0.7650277287445446,0.7610619469026548,0.47368421052631576,1.0,0.08341236778748926
act,E1032889,E1032889.fa,29,406,298.2758620689655,259,376,0.3852394781210059,0.36007701919962565,0.16121495327102803,1.0,0.1381732121135729,0.4886965828188898,0.4801219897450852,0.28515625,1.0,0.10339842996717563
act,E1035591,E1035591.fa,13,78,254.69230769230768,207,339,0.2568892275203825,0.20375663536137198,0.07646648044692737,1.0,0.18867564496156586,0.4493771112522484,0.4009216589861751,0.29473684210526313,1.0,0.12072317111297219
act,E1027669,E1027669.fa,39,741,558.6410256410256,462,638,0.4317590719138173,0.4289683918027093,0.07411028549080954,1.0,0.1821373989294848,0.49288286721190183,0.4854014598540146,0.2528216704288939,1.0,0.13634215822370593
act,E1029981,E1029981.fa,49,1176,283.53061224489795,238,334,0.43737065167129385,0.41627721235286336,0.18173076923076922,1.0,0.12679472009868842,0.5656954797235961,0.5539568345323741,0.36328125,1.0,0.09488396686528669
act,E1039273,E1039273.fa,10,45,442.0,434,463,0.5238538775363732,0.4267631103074141,0.18854258121158912,1.0,0.29627483585169917,0.5683322828973633,0.45622119815668205,0.31662870159453305,1.0,0.25431522866344697
act,E1030506,E1030506.fa,43,903,301.7906976744186,225,412,0.1832497177224031,0.1397393149439224,0.031385281385281384,1.0,0.16041157372237563,0.40425055878720356,0.3806228373702422,0.25116279069767444,1.0,0.11206247842761935
act,E1040100,E1040100.fa,14,91,93.85714285714286,75,116,0.44770449161093767,0.41923076923076924,0.2697576396206533,0.7703252032520326,0.11850734198450352,0.5331161816236231,0.5208333333333334,0.35789473684210527,0.9054054054054054,0.09993298441596131
act,E1029913,E1029913.fa,50,1225,308.64,273,333,0.5052861027059242,0.4845360824742268,0.2402676399026764,1.0,0.11765589775627142,0.5804132904999343,0.5652173913043478,0.3233333333333333,1.0,0.09657696228250702
act,E1037740,E1037740.fa,29,406,283.7586206896552,254,358,0.4585560153807153,0.34692560397709105,0.10677263303386317,1.0,0.23815241685165336,0.5376624322320043,0.4701195219123506,0.27547169811320754,1.0,0.1869021241909051
act,E1036199,E1036199.fa,43,903,196.2325581395349,181,211,0.44037592501451,0.38673765730880927,0.07256554307116105,1.0,0.18613471485045102,0.4961728866015537,0.4521276595744681,0.2849162011173184,1.0,0.15141346318022364
act,E1039842,E1039842.fa,23,253,830.6086956521739,815,921,0.6031083374514442,0.56281467274035,0.4364540931705111,1.0,0.10989803380593885,0.6414371106592955,0.6161369193154034,0.5388471177944862,1.0,0.08572860874647066
act,E1033765,E1033765.fa,37,666,690.3243243243244,585,879,0.4970029911247129,0.48573888684159816,0.2316516446213274,1.0,0.12440581399962596,0.6003539773368726,0.5903248807064373,0.4492512479201331,1.0,0.08536050275936884
